DayOfYear,SolarIrradiance,Temperature,Humidity,CloudCover,WindSpeed,HoursOfSunlight,PanelTemperature,DustAccumulation,Season,PreviousDayProduction,EnergyProduction
1,344.7240713084175,8.513592323027098,31.498605855169508,17.652803200550828,5.907966084812378,6.303021332491582,24.315777166130164,95.51152072917014,Winter,9301.180536092124,12045.246729348493
2,690.4285838459497,28.641669733837,77.02023041619674,22.048620907017536,9.768494655622382,4.0,59.895726688820645,52.25765993367452,Winter,10092.232298081663,13519.423934438353
3,559.196365086843,26.687272468462233,66.563805448734,18.643826214425452,1.5988954546198608,10.684887775943839,46.89027715482087,29.95656779538739,Winter,11371.037083376566,13971.51445385289
4,479.19509051822195,1.8526897176253758,56.614579733838355,77.95844735667534,9.86767956904554,8.987141916545745,40.8242347039242,7.686207527616351,Winter,9922.885331589046,13609.000166847803
5,213.61118426546193,0.0,45.118133888645175,35.01252591667301,14.991205886559998,4.0,16.10442080674146,50.06242680704178,Winter,9410.630300764655,11674.711108355985
6,213.59671220172157,0.0,81.40403785691758,5.784267656339637,0.7231805829083404,10.799703293588507,34.5880549093534,79.45155444907486,Winter,10923.634538613796,11641.366017674858
7,154.85016730091968,0.0,47.47115751958448,96.91026301408114,14.65761276331976,7.018815896363222,35.31970491610595,70.70864772666981,Winter,12263.717708416389,9439.58443305967
8,639.7056874649612,0.0,77.1619607630104,88.37858849634257,6.103619410843059,6.824226582072464,57.55099852374685,5.022601146397376,Winter,14642.184340429452,12836.895835146071
9,480.66900704592524,18.90523706957249,50.73944359991529,92.77522831952129,13.061301755058887,8.480731794295322,40.065652110328365,7.290183536790352,Winter,16131.284295028812,12501.627495322775
10,544.8435466776273,0.0,46.38611005974353,99.49078226464353,11.735782260874101,9.117697880901375,30.92203019337253,40.28732826326371,Winter,15442.124864512018,12353.085355190484
11,132.35069657748147,6.164147060281646,52.38758499687245,17.38952492194873,8.505243914800017,7.564786073315027,63.72401806808627,29.52904940479433,Winter,16001.981164509662,10137.563115681836
12,701.9459112971966,24.570635883930905,41.09645119148995,39.62420189026587,11.076738138769898,4.0,16.089632632947364,23.238432305604782,Winter,17032.599989982937,16988.50719264198
13,619.465584480253,0.0,72.33265661233759,75.82384757040913,13.177733419520218,4.382675059944984,33.240163557156954,28.10044989087136,Winter,14160.602606473209,12760.330390754141
14,247.40346640696566,23.50639689061275,55.19042730647354,69.60206180537922,6.062104824765495,10.280836403260498,12.31135713442729,80.34827432968846,Winter,14412.644108499739,10329.660111016352
15,229.09498032426035,4.864917117068998,36.25488866027721,15.389590633985506,4.905497423448581,4.0,50.694726642181166,92.92280536318539,Winter,15619.390750608554,9551.568851611759
16,230.04270591206028,0.0,82.9702201292198,81.58331249906178,10.01390078345377,4.721670238375133,60.49421037095328,40.510269452756646,Winter,13540.895331724414,8180.965912976461
17,302.54534577572264,19.38580078774527,46.8723854961248,22.444057183666068,12.11768912911888,5.32076882944196,25.402053125276918,90.61110021324971,Winter,15060.897216693025,11885.620414753112
18,434.8538589793427,17.01299963729594,58.0487002779792,22.38176148226231,11.434277021649237,5.394049896944523,57.20879222395165,32.1495701247882,Winter,15565.574511444871,12173.808212841746
19,379.1670111852695,25.711520473446853,83.45304776751829,53.69744228934136,11.967204732879518,7.129395824945256,26.072002675404377,47.64369863437916,Winter,18381.211271834698,14488.009462720596
20,294.73748411882514,20.727486533136002,63.69665971397944,59.293993484170315,6.533749722193995,10.430758377447075,60.09235889041534,22.602899781599973,Winter,15016.878307858819,10882.755526826239
21,487.11173683342764,23.121832563469695,28.182862849585483,58.00862078378112,12.267513242625323,4.0,51.467904697823116,64.0476042175844,Winter,13607.250774112917,13471.96769801693
22,203.69631639122508,4.871210039995727,85.78824865294325,9.148683739775487,1.8031358305591265,4.0,54.269872726279125,97.89811151748088,Winter,14159.998415199596,11465.52595507172
23,295.2867891211309,1.2103840322902997,63.93956371499925,87.74608626303804,8.167336469412744,4.0,10.990360558024998,60.34930960433786,Winter,13007.71388689876,10645.31103078583
24,339.817105976215,21.27151630743004,43.44339302599603,26.560004258870606,0.08637990747182356,9.869249002092696,62.95456963907143,35.78140841135489,Winter,14123.381157569222,14000.652679415334
25,393.6419905302215,23.239215874354244,29.749045086437107,12.951492128280417,4.8687874485040545,7.458108126552061,49.96690456386778,64.78174459905284,Winter,15586.593288321674,12914.050555978096
26,591.1055768358082,29.667679970023563,75.58176324892071,88.87480798689772,5.496923023070968,4.0,26.761310246237333,12.292067846538757,Winter,13108.424485643074,15144.018959382147
27,239.8042692950158,9.441618691899926,63.40509291499595,95.56514982297534,5.942590374138831,9.159469389686173,55.616706567236584,88.86590802653987,Winter,13181.068564780458,10713.594669922719
28,428.540663048167,8.02063300274741,57.34227643834251,86.21276172654507,10.432008100347932,9.61369996363436,25.483665912821145,50.30839507798363,Winter,13227.943373910337,12743.206293671983
29,475.4487413172254,22.17445362596989,82.57248081356704,80.95160747248781,5.828371519055186,9.465143386902781,58.001461176137035,44.93497420396421,Winter,12536.28474612234,12596.366458221402
30,147.87024763199864,6.928123908855625,75.20180478571714,65.52419806390218,6.73040433933796,10.189265336395545,16.191921472656535,58.58647884535192,Winter,14707.192486462054,11155.507537586782
31,484.52691114086304,27.576506396124763,30.617241581292582,55.08573706091393,3.563161963114912,4.0,48.70272876034377,62.47838627894025,Winter,16633.871881225365,11326.06698497847
32,222.3144742123749,25.044446314505414,41.82054474568838,8.698675991141014,5.598776874440102,8.550419287462784,39.73841621547007,7.177580622651303,Winter,17946.01411820958,12472.726005922199
33,159.0309557911677,10.014790958125644,37.3942397870126,40.845321307069874,3.4090444089472722,5.605394972741401,15.309395860749245,68.26172212234025,Winter,19484.53765053303,12101.467864072925
34,689.3313223519999,21.280487372702407,72.07624048008739,37.2688517012314,1.0979388565266546,9.419985528900614,23.304160554236145,24.193168031552958,Winter,19186.160355620683,17483.835476063567
35,699.3792198447355,21.40900059296388,22.347270431504555,25.97537837603262,9.051728900720668,8.284906771616132,10.682221995252313,71.39526325065899,Winter,22417.067711859338,15176.032611072465
36,605.0384088698767,0.0,59.89227794099216,72.3420113688585,10.023191978325244,8.764474464997246,35.78223810054782,82.25347943841967,Winter,24161.971259521375,14422.618694220162
37,302.7682615040224,26.589351733784838,73.37210800184835,49.58757350787708,9.292355190144217,7.561618376810715,26.56958934180002,80.39585075525203,Winter,26375.024791802385,12427.050805776305
38,178.60326840383033,12.683833035675,81.37359457332246,8.104621590764793,6.952410657008585,4.0,42.90966163637673,55.25009674078891,Winter,30190.86741354664,11768.612205011894
39,530.5398159072942,23.926011313770957,43.94572241011352,22.018320194981133,5.696786702688447,6.450269188969383,26.348079423973946,52.016989231075115,Winter,27462.47753709735,15294.979813857126
40,384.0914962437608,6.201736036071409,77.48801132704091,68.32587636595959,12.950004743577379,10.846697395245082,26.49555113288416,14.287596133941172,Winter,30835.648656991554,13820.586660582925
41,193.22294090686728,26.343312997367015,27.744221586864505,7.613085949030019,7.786226777043271,10.373880664971189,50.875625930238186,77.53461504031355,Winter,27076.667180131477,12255.841841091778
42,417.1061460667621,8.622058755695711,79.25166042141628,85.12069140487687,7.187728164445964,4.0,12.647855978809439,27.140938044671437,Winter,25401.617385813857,14274.823590230591
43,140.63311266913104,0.0,28.924206363238767,49.51465270139743,0.3846309870965353,4.0,59.6592247355593,49.669542281794655,Winter,23731.313248667775,10768.992935738464
44,665.5922412472693,26.68836917467423,47.81011033922571,48.0586577326648,5.1187174143923455,4.0,56.87451309151498,28.42740929275167,Winter,28273.72836379104,15047.332966714146
45,275.26798896001014,0.0,75.81067560456876,59.24077846595176,5.702934281787856,8.259799099852955,46.72925757745236,13.382836299969314,Winter,32305.98301012267,14124.536414359645
46,517.5133706123892,6.175977315664518,30.494219914414167,82.46809659251491,5.982341713453508,9.17785329856945,42.62718635590613,62.95576968917366,Winter,34905.57906239613,14646.472959408511
47,307.02664565364654,28.252168846778176,36.0475976662849,34.780920790219305,8.702585538409984,4.0,59.07663739768087,5.4332034822903825,Winter,38075.798160083184,12695.355062072265
48,432.0408127066865,28.271250142814466,70.55767978751464,67.80161525590636,8.004038200903176,6.05852692951829,20.193159874079292,74.86452341262,Winter,39021.18663644504,12388.514238354428
49,448.0261676059678,15.070326084315013,70.4025575582252,56.5731963995791,9.11857639190167,9.407030280112,14.343303920495574,31.758679526111667,Winter,45999.58998230674,13917.658949795516
50,230.91267331531623,17.114302425942974,64.8803343019708,26.70282701694213,11.473248923131925,8.328015447662505,23.173059345024598,0.013469300448532007,Winter,45930.7516489332,14959.28095632462
51,701.7507766587352,10.695593269241193,68.576391112697,87.8629986355158,12.194786080741402,6.422372054918483,53.70180532851047,51.11291392372298,Winter,43735.587091168534,14362.148419518391
52,585.0796940166687,5.262377009432258,57.99071103433173,79.74260216069281,10.771846143397417,6.903476904587729,11.906864669956583,4.6851908527603126,Winter,37840.64814385867,14268.084375702263
53,683.6993649385133,6.5032590879470575,37.625934123486694,65.84518346584255,14.332855439324021,6.0836054691628,42.05437592959193,27.616955782089946,Winter,42172.73109745637,15019.621916126356
54,656.8964102565893,18.538145962696344,44.19871954527436,85.05817290942419,0.27348874014542446,4.0,64.74906339052205,70.69764874557161,Winter,46127.58745939807,13473.554495572054
55,478.73998728665106,21.3331085303188,32.7118401760998,86.72942009598023,2.9366697852531916,6.650219928590161,57.06328516106467,6.268962162186586,Winter,43993.818229511395,14453.592895607126
56,673.12454101387,22.7052665304047,83.59153929335397,70.83629767150347,0.1134431246721318,7.888853020500907,38.679512897397416,83.93384923560023,Winter,35638.39637333039,14738.166889312253
57,173.09550123115167,22.636634997809388,60.837425633628435,83.7013328363672,9.712120712319045,9.733229158608077,13.50025001076533,0.3819922658583108,Winter,40470.92482721609,10844.75052945509
58,237.5897174514871,0.0,48.05959917345479,69.74714616692836,13.470458234249804,7.36291353979248,55.72554329121404,24.682386920190226,Winter,32561.57840179216,11364.454143176596
59,147.1363733463228,12.304710664590353,52.340406255089285,68.01407717603004,3.652234448644489,8.61121537043158,42.94381794974658,74.09040561520715,Winter,35214.69293971981,10951.152396561323
60,315.1981984579586,0.0,86.30983377282708,61.86113782151843,13.9055181719446,4.0,16.321314838276177,31.627014972930677,Winter,41838.676828409094,12780.689661483595
61,353.2063738136892,14.233510881330744,30.734598218125612,75.27166395576413,0.9040108543434128,5.6155747441978985,15.162150665284592,10.189238806601352,Winter,40795.40981020127,14694.759635240876
62,282.80941906433753,10.453567548068193,61.036088241175804,15.86051052930737,14.016540402082715,4.0,60.029475069012584,36.02339188004279,Winter,36470.66238868433,12136.741204799679
63,617.2425054911575,26.06964639654049,55.41220752191262,88.08707591989284,5.274340308594516,4.0,46.806014461594316,27.039328638452552,Winter,39459.3749648927,15532.931240180835
64,334.05199601615357,7.2820254393227515,62.801796480425345,87.1843527745232,1.5213124267382478,8.264617151130048,55.610773962421554,84.27119021605549,Winter,44464.84627197778,12400.949742435932
65,288.5607058124284,0.0,21.267712867458837,2.9247283034559146,7.288076387794884,10.918099513493635,58.34383951552471,31.334791758514314,Winter,45290.65301868211,14673.37111203262
66,445.61764989494907,0.0047088718492549475,81.0486736260906,82.58167505647627,3.8516485158076192,4.0,41.447479362657724,78.89324717760073,Winter,53751.58605832643,12419.979307484255
67,204.55453498485758,21.652872110111527,85.24827977385287,12.886986747344519,4.273093529428842,5.014943158612883,38.45954934652727,89.18721448107347,Winter,44112.17914214979,12637.704227001654
68,601.3181884524238,16.637632216069136,59.55932285124462,33.51188542591419,4.609349473894299,9.000709686991595,33.67350756765446,43.381741957652956,Winter,44196.79685875105,16053.332475207308
69,164.7303862078625,0.0,68.76555767138245,74.35082562916078,12.045388467489952,4.0,27.43206232851156,90.9943143854392,Winter,48058.78275187386,10028.854176056107
70,712.1321619603104,0.0,84.5749566824107,16.07598960483082,8.087419150128817,6.550849493022863,33.902777847229146,37.73180539631929,Winter,55030.00659987209,18915.23964865346
71,583.3468615779944,19.5339196010692,69.5067044019379,81.79670241190622,4.669615487340055,8.330712960296747,52.5633810651586,96.40784164901082,Winter,47969.78028243759,13237.48476117033
72,239.22940892050343,0.0,30.677733003998295,83.21341779577419,9.155006749663775,7.159854502601791,43.10578870583224,8.928952452557294,Winter,53726.220724105624,12051.839662247388
73,123.31327027416144,23.765102075162467,60.340185211676925,50.746773376083624,10.742260113347903,4.0,59.08878094751653,68.70192665032427,Winter,54858.92151761631,10191.51824002597
74,609.2768570729005,19.718477950477368,62.470053246799914,0.638587171683358,4.089360011003007,4.553845686857394,34.385900790855324,49.38140404569287,Winter,52588.94014121672,17644.377666441025
75,544.1144063085702,0.0,49.68914699116702,28.703813317491278,6.203236522880273,8.837917844853973,43.38992682953147,38.76488054556471,Winter,44841.85361443122,13997.55122796881
76,557.4043008245924,0.0,71.5510964937306,61.69269183757422,1.8282914000542134,6.542265141320167,44.72191542005938,63.27118787486009,Winter,51394.06919321762,15515.702745686329
77,582.7622080115674,29.532385247541143,85.40569103383103,98.11861780274235,2.7172402430202047,4.0,42.5433439268479,70.38570916343312,Winter,44348.41941194514,14931.502855438644
78,164.42679104045422,8.099477851464211,84.78979590347434,63.18135270166684,10.216767809474742,8.609907600280938,48.6448575197034,0.43632696503090873,Winter,40974.17629312961,12354.460901345174
79,335.0794371265636,7.972475147341182,51.55875599828924,25.98035810641598,2.721575215434404,4.0,23.058840760614345,16.69530887471987,Winter,37533.09173836907,14783.358316901873
80,189.52143571507784,23.44798485401259,27.92666320885287,63.40057030996113,7.877450755005903,8.457337827312323,38.18000776501849,71.30460506343186,Winter,43109.21854565031,12477.5880841627
81,956.7930832880342,38.153700208435055,88.93888392736342,53.99853797158555,10.63569392583649,6.024805601652374,15.732364154459122,66.63854135782064,Spring,46087.254993986135,17564.16719635052
82,740.9683141448021,39.51003723380048,78.72286605121539,77.98453951511436,1.6031538464211574,13.580734801193802,31.14812302046469,96.60475051286772,Spring,51556.54747571848,17909.163620623473
83,477.8082223673843,31.368236484062958,28.72638768422868,10.698063882695841,8.509683294433554,7.679407513020845,36.821688774169544,76.1037790250783,Spring,46410.54202667035,14737.237270660353
84,237.20251525742128,18.169085493582052,84.45893178321606,76.1027902502028,3.848441755520456,7.2693161633807915,45.87233427500099,95.0772707731338,Spring,48728.73188581164,11532.136365943597
85,459.88408954409596,7.922525084453406,80.89274534434898,54.12665786761103,14.443903128563697,5.488880503324447,62.279207892241196,70.25405015348069,Spring,50127.16819640992,13223.787937334264
86,472.6649898240723,32.20014205746028,56.318663998825045,96.29920038589947,7.253184700798871,7.056042154902149,43.035808660159574,29.805220863944314,Spring,56800.70590766598,14700.588966436075
87,836.6455605042577,24.544148740753176,61.38928050214505,34.187216603868606,12.089888246627371,12.766507618282006,50.89766538971079,10.536492225085647,Spring,66027.11858578784,18528.769335080575
88,753.8017242196918,19.84777032364417,47.93018927090912,63.26218931339481,8.253398132343927,13.963343376272473,37.84463327223615,78.18238633449356,Spring,53142.76550541337,17020.228314299282
89,978.4914683186938,36.722403478315755,23.833314717542194,93.20281055100175,0.6511879928222875,7.683095305068483,44.87572172569822,64.4149221475916,Spring,56841.92540613835,16714.36188069699
90,604.9934326457544,8.891911880715297,43.46380691521307,10.250972799067926,9.497270633910336,8.486106309545425,13.901271887357538,4.818601239329623,Spring,46652.118975683166,18508.31846555438
91,287.63482134447156,22.24187865018007,76.19974140186079,93.72284872364511,14.271050133099855,11.220709382027371,23.991536946301586,36.005046590097834,Spring,47563.86307815591,13676.54069934126
92,821.9203085006956,5.397377566859667,20.3242416103222,68.78857223008133,9.024177302194968,12.861957804650745,29.90192012628263,95.67998154842861,Spring,43523.45995893666,16622.744730408776
93,864.7065437552078,21.40312246979442,43.344942018380095,6.78370591051719,12.287832891401854,9.930443341867841,35.98713452535824,50.04011457102012,Spring,40159.559585405594,17987.31416669823
94,685.1494778125466,6.9706146488643075,47.87180855136603,30.096356694681624,13.263096950226117,7.915256981778294,12.510681002631106,43.272913601970465,Spring,37797.51088855267,17376.80619242128
95,873.8704619591049,9.158627069382518,57.6176922056546,70.81720886452815,3.421196579233987,8.126218408486238,17.701325365432474,45.7699605159294,Spring,39631.33195401342,16797.504050712003
96,624.4160367279518,9.11341863719867,84.38989314889324,6.73506014687717,3.1806725986233997,10.956181464968068,25.224786928521816,20.88827240051637,Spring,37000.603594669046,17168.205327772277
97,650.4595464437947,27.722360574062225,44.24421960561729,58.217046017627325,9.164714832764876,4.032182636042787,63.434297999557785,36.87071708647952,Spring,40444.60572576777,15902.837545868217
98,564.7869165226947,31.111570774289817,44.28672413273594,34.588305695295674,6.165427047100571,10.195893374598407,28.224085390667792,36.98132559871766,Spring,38900.06482653853,15003.534191488092
99,202.8772140696857,25.417906778400585,71.62508736768238,62.091551776747714,12.597919543000804,7.5549301044135735,36.51225819616454,5.2355020187472405,Spring,32183.62943049433,12338.99271681572
100,277.102284293974,38.67603919660897,51.6552558622865,4.5742033812512854,13.500346850970168,11.941973312770843,20.785374200611614,76.75676285179182,Spring,35836.598077599905,14062.420414662878
101,208.28626711806083,18.12047028332964,35.722337605798735,87.15368061523763,5.301320689540772,4.929906398231322,43.592903909167255,41.6504431903879,Spring,32765.52095238278,10736.35952432886
102,752.7693701374023,14.999923019865125,51.67076612928854,97.3488969177397,3.553058384617231,9.882022669483906,25.437576853378587,82.21798868164232,Spring,31884.349666309008,14824.398863012355
103,462.920382968694,35.40096948663111,29.859991426585992,96.88778552856915,11.707882728657927,8.809728898861238,21.38459181411347,85.03480011198954,Spring,34249.45271275912,14283.015489533676
104,637.7136220482325,12.825854348180842,32.34708905543563,74.96518317429248,4.122090533222042,10.423255259052274,38.41149456452885,21.199405469865805,Spring,31954.138743539468,14509.36748562811
105,996.8098265334838,38.7127888804214,54.885744091763584,13.008624013063198,12.339214777705175,4.648535944829684,10.302818953823145,65.73534821701286,Spring,26286.569357794124,16791.66901383805
106,404.3630062339875,5.425406614143572,49.32478146531835,75.82631959290225,6.356073804731443,9.799837874281312,10.421521795707394,47.22818041629817,Spring,24960.896100891827,13624.666144240568
107,549.3446307320669,38.94575893476737,84.039213074767,2.458691645880151,10.013248489372057,9.614845879595237,22.048784500602178,88.0156737921485,Spring,29398.430058820282,14214.786922170391
108,859.9960246887438,6.5105969182701635,45.367572938164315,2.2123551528997254,1.4330297075200227,9.606600944161709,12.019674937545162,21.57406791764541,Spring,31065.137565184563,19345.448485597903
109,385.9183489424602,36.19000897943249,60.64118451946304,32.36102191495412,9.357889870148595,10.034876665964548,15.941416477188024,67.78132003100443,Spring,33195.94690234757,15258.757579189605
110,249.28191884591368,23.469538818020496,64.25850015436713,48.864319040466576,6.7765151810584365,10.764679372263622,28.637335713631337,60.775212225272256,Spring,34952.43944166088,13215.702595391213
111,440.77630762239124,39.753767864175515,20.916611961183353,77.04074178077931,8.79912694763211,12.049889996807698,54.14221237688971,29.53014775718328,Spring,30744.055827867214,14026.936369606257
112,325.099158528604,7.58287976573896,66.44761604116974,68.32953766065052,2.5202131161729513,6.698207201282143,41.46267538531154,13.660090365117261,Spring,29739.756531352938,14445.668643366704
113,1016.7278871083158,24.384899954046226,32.4625176808826,44.590270637674834,11.053106174162732,12.250494101800621,38.1967249276029,65.16397604772766,Spring,32724.91193429369,19410.00694022133
114,907.3083416079752,38.92558874666847,87.27492222286186,27.362666628166586,12.941956163148427,8.982556822634535,26.14188527644669,73.85974581323308,Spring,27506.897205415476,18093.405477902674
115,750.0633808593811,23.30842454595521,30.406390942717906,99.71245001577111,3.251097001361635,4.770582791343312,61.2464545688049,31.562734376335,Spring,25062.664864388,15728.847632042342
116,964.3145311689458,27.02895233473419,49.023688660891665,42.6181302235973,1.435718332802426,4.5855092924397916,31.83582726804554,64.48326040223138,Spring,22820.249175952868,19137.30969108216
117,903.304869209203,29.351204114461602,25.97447676550507,45.13870243296755,0.35457879069504594,7.342383186960608,14.790102173767432,39.51309076115032,Spring,22199.71117133612,19174.410498577025
118,347.91305299743226,20.908937266872062,89.78119762921631,16.362382119166917,9.62957250664899,11.848969771114675,43.93865838647907,71.32068832826177,Spring,26465.330093198078,12598.261624738767
119,983.30309864098,26.96453280294222,55.15365072318698,79.48095487499293,9.106410541331712,11.076809347409156,16.261111641213077,19.92152748940531,Spring,21886.854946606007,16371.755272936283
120,665.4080177240857,25.45100091730851,61.67695121240307,69.36822257814886,8.20046119071105,11.886149646724064,28.987272854093064,89.02150026361744,Spring,22050.577327152158,14069.710667229669
121,906.6961396476563,36.540530367184616,24.695353417189924,22.07696127887604,3.479206441739631,9.172690564416094,37.90765662947949,28.74095964655797,Spring,19222.49977790985,18260.791729163237
122,986.4821699311441,6.590623311951026,72.49723292794245,8.238104561584269,5.86358993858272,8.401989979554905,58.08223885768467,36.77859877561529,Spring,22841.53169375232,18088.177143728244
123,466.2031274746775,14.833711635728061,34.693391516691,68.0499302074713,8.917145027792596,5.474525267062839,37.14506191870653,5.8091952080349785,Spring,19308.435592700094,12978.849663817748
124,279.0467320749091,38.264401942679555,82.86380026084996,65.45112142811352,7.4515028828875405,7.281927536093115,48.624232131741536,11.15122123212764,Spring,18563.910057859266,11955.885530266034
125,385.1416462877475,36.159232436182066,34.3597748337405,27.32595269982093,14.81678280322331,8.340193661738752,64.60492614494888,51.58619027123281,Spring,20330.340242893202,10793.326042803099
126,564.3970097636306,20.947986347499953,33.34814044645666,95.08635622504103,2.046596288350997,4.886004296796172,17.23190159438899,26.75926767279715,Spring,21993.80469088855,13831.01602495603
127,916.2132893302438,26.704640923053784,22.55847674936664,15.105789178090024,10.427168310713906,6.206119527112112,25.110233903573572,83.54802257421944,Spring,21314.008183547117,18683.267318611586
128,954.6575249307091,14.708341404339643,53.04468615769995,43.23348010426019,6.064781521564382,9.982252940637387,31.701684157870552,1.4693388654953843,Spring,20005.53412745413,18605.551681932204
129,186.25691747807164,11.584240590331646,59.538879328383146,94.36159201675989,6.4229942238842215,11.356631142391898,33.200549819635725,37.90940486719362,Spring,19186.20650541837,11196.66466045261
130,639.6725723198092,21.229444172899374,24.599604759984665,41.97273169261223,10.763966484872643,13.983475113929497,32.60615913960501,33.73455467690927,Spring,17377.148788111474,16877.79960880355
131,555.6699028339011,17.36732798091185,74.28693316865073,63.85259476640856,10.386542269865545,13.331133313435577,59.918605140610524,1.9327630917601035,Spring,15328.959441292473,13468.282895069855
132,379.8970294236572,25.427963914780523,51.73021843236194,39.75943979627943,14.868839905532825,10.425651995351915,49.27179544567711,12.436839900051023,Spring,15224.96592599974,12020.904411810092
133,287.87883060031453,7.720712293774469,56.707318852930605,27.421520234867003,1.9259143418118785,8.21248053294072,43.43478677498871,41.36426749186353,Spring,13815.339655243813,13078.820014011148
134,483.8536542632652,39.10381826831583,50.853392285675966,98.39776479598282,1.5616447407624952,10.361773647082327,27.015499482453016,49.28645844474466,Spring,12640.823939562006,13670.79487963157
135,1028.6187335212671,39.5173760567861,48.05341426127282,40.9334006315043,10.865082256931117,11.85651618080232,55.308471132171206,40.42897472548691,Spring,13433.434259498277,17919.527171090875
136,470.88263881867977,29.43565999069108,59.17482319157525,89.40992036791344,8.675803755096137,5.183361909233874,62.52832813167439,53.093767841209385,Spring,15951.060436902771,11218.425297553227
137,646.9115595690295,23.763372822044214,30.866817215149876,22.995460589108617,4.112409998397088,8.099048896962882,55.16590554026246,59.51316749056815,Spring,16612.30973675637,14452.222006350454
138,812.7170630056601,15.833466570021471,32.73496913466898,21.31047040250833,1.191290534834799,12.398022856356173,10.08608078553101,0.992382112783563,Spring,13801.37048950656,16098.799990029329
139,507.2666421413647,33.48282568974321,80.32499347094621,3.113408288451136,1.284873743946458,7.83832951933044,45.00207536008739,46.409515945350385,Spring,11458.35937469956,15009.488526014471
140,1054.6038744488646,28.965591039385775,86.2280823493543,65.1666825375885,13.412863119961774,9.718722712271866,12.812445979315541,96.34992408875883,Spring,13527.387172512703,18409.95490771993
141,1046.2025654479003,10.691592877071194,46.131652139582705,36.852634372376116,2.8780098707811437,9.877693608621982,24.168397118354704,51.90322801295487,Spring,12430.536787333998,16917.264325337146
142,406.60406624282774,36.88245145728449,38.952127120048765,86.4358249839637,4.850573431732811,5.844762531336394,13.273858519127444,67.75422674589532,Spring,10402.20625282607,12526.554285918652
143,627.5236553031469,33.78880350231091,65.07996802673111,47.32099066915572,3.3998460334048204,7.622354416522883,43.20874991221633,31.18638579168832,Spring,10814.31914233178,14541.578406710427
144,450.7904788350927,38.242996965217344,48.61139197686675,96.81934279147217,5.3249445874790595,7.3451128874193214,47.76244524209337,77.39913781527625,Spring,11349.190082327927,10125.8132775323
145,436.35644493972086,30.4001827935926,21.77704489622414,18.552551570312115,1.0413576411914005,4.261967085320648,16.29682009362478,77.2921481876115,Spring,12023.353854995488,11955.144892178745
146,213.1982526190795,26.469531857752646,30.930681815633324,86.86231679556109,7.785896863624055,4.241917638913552,31.111138567473873,52.129604765413895,Spring,10904.710764986223,10394.534169959772
147,728.6079005819072,19.63850627017166,70.11805601931783,77.65968527917417,1.0141884538832235,12.316970436757735,35.09300799255481,97.60138232792136,Spring,8789.679668316936,13654.49382736273
148,632.4111209059754,37.64549691739047,66.12467593371059,77.0921844644052,12.005347617335424,6.730708099728124,30.297916196850412,12.555021476265338,Spring,10424.61412365648,15910.672539010433
149,226.33087612499043,35.31223613251429,21.896719475243845,84.47832281168877,3.5056812286564956,9.180787662388155,16.656375026685616,1.6947664889580993,Spring,9385.876573980648,11985.064494343913
150,430.7818178129503,6.582653453716629,35.53805133530646,76.10239909429988,8.100178719067658,6.9872557358877305,33.04212846031115,77.0158211757096,Spring,10046.740979355518,12238.177467545564
151,997.4392973699884,5.9228441074038205,36.175235761165,62.62203216314154,13.201186313421873,13.406792451153406,51.314792629463,80.71555373648826,Spring,10877.12369186325,16867.74923060153
152,395.6057016002752,18.176217840731738,67.03249205191099,13.124487768238758,9.763160535707913,6.5929675886577375,13.90542154932905,12.020722912057625,Spring,11355.749404901631,15010.451658361984
153,310.4053848821008,33.36936657736415,21.37973764280549,3.2526179491251916,7.994366798270029,8.296568127389351,14.40990077450469,26.55828329586061,Spring,10505.918706173688,13939.250320521187
154,620.5074842498067,39.55466452602305,27.28760073892017,92.08478478156869,4.865006296730634,12.727302504846019,29.512421050979132,1.755236336662891,Spring,9543.981046376353,14582.769799528218
155,1067.0854086995405,10.264591188623486,75.99412597612326,61.665031452073805,4.995028695872969,12.419335667918087,61.79491413904088,29.33086107805647,Spring,9916.838741955044,16042.774149799203
156,397.8497443603504,25.79457503732473,32.49812634380335,79.65372909761763,10.042304327972852,5.861014178462773,46.771495569760276,77.31418739186715,Spring,11369.043287019445,14086.8864705993
157,784.9219926652908,18.331179982085754,65.69222754963123,48.152235151255006,14.912090418317513,12.026433097957105,47.32684761699107,51.79605277125789,Spring,13400.617327780123,14296.735046053545
158,865.4576537958459,38.94700392351111,36.67279467327086,11.730818896239448,9.927587847740678,8.581868867378926,29.905599496082573,34.80955931682881,Spring,11288.175125266293,16874.74073692331
159,393.8737895931597,34.4741623097498,26.96089749315416,12.518579220255043,8.366751260550373,8.829688720853552,42.651343516469616,37.17392949063303,Spring,9729.633097575064,11272.57694645119
160,835.3947137506736,34.341504664889825,37.02205336996178,68.55652872289714,10.959757653588692,5.334799724159438,10.557215121525886,0.1353625715468154,Spring,11460.481346834087,16689.23572215092
161,511.0048194473279,21.40426059282396,70.55868522989614,43.030589489946266,6.978084184255772,4.806015137571246,44.98528255252482,29.98005275652359,Spring,12544.8043757141,13346.719174587792
162,749.0752475342215,19.518682581818283,79.89875276744,20.052472670033673,0.9021351390117782,11.279393069737651,60.23078211669302,64.64587416379305,Spring,14466.637419552508,15940.748284563644
163,750.1767396848052,14.569247517574718,78.11539051968941,49.15945467414369,8.434452238168648,8.964611523552998,43.691540758965054,97.41944438163571,Spring,12745.875074603946,12829.742856213672
164,662.1972156672826,6.973142382782449,47.80284707329184,6.420893707513409,14.364379267580704,8.368507026151796,58.053422640648975,84.70608269838995,Spring,13192.418503188266,15521.44828883256
165,261.2607930489675,35.265283168926864,66.76595955994523,58.19714019143988,2.6295441353648945,11.295082286523968,49.81851805063516,2.3594964645529126,Spring,14253.825586035011,10628.003026556695
166,931.7722460303141,33.45153531955272,34.348900679107466,26.899340443509768,10.350073362309987,11.655128989911098,16.630712902202966,89.85606046748393,Spring,15280.738946488236,17215.418752153575
167,468.7020584745622,39.99011856501457,40.52034111827093,79.75591006371882,3.014005329885847,5.589081676693535,59.63493190072129,78.3198413298626,Spring,14719.334932671301,12279.243995351162
168,347.86665935986883,39.88228929758669,82.74350729647838,31.036195892357377,8.037415267096218,10.102251494776413,13.654411439567617,78.03761235709804,Spring,11866.10897295967,12741.517940979526
169,216.69762739928754,24.44010969609196,20.910134645751523,45.52201490818012,1.4501467447007943,5.353540822776855,39.36821099012701,45.79957590035715,Spring,12259.712823654563,11146.703871311749
170,711.8036488694177,31.914559531317867,25.985597159812766,1.1620539908100636,6.755564043872777,11.513750860290457,17.817541808640172,39.80052929545028,Spring,11048.951133150435,17200.496737762078
171,789.8079256580542,38.06680054588498,34.552037860221915,7.244688779455888,11.342449933428691,10.569551562671396,10.643863590199723,30.29157288331926,Spring,10829.09577177086,17369.376907502963
172,194.92904603507054,34.737658673709404,21.85725427116738,39.24935564066848,5.213572863584731,13.56614621083458,33.21188430702014,6.569485895436578,Spring,12811.171226045573,11440.151836597515
173,854.5116699591372,18.65718356101192,32.70048045628581,47.99388347171235,9.97367586730827,6.689580163564212,26.227238920978593,22.82353634936991,Summer,12293.780892659144,16393.862083691733
174,511.79493023752553,25.76904473585327,60.81290926787845,60.00205481193037,11.931749411845939,6.570547211512543,36.73002715886817,24.66036349780246,Summer,13964.759492381547,13534.457909764056
175,1014.2073484913398,14.520579530302324,49.499718541474856,29.166257870930323,13.907667292191789,8.821870746932001,41.74599377040029,48.40770697102016,Summer,12224.977279439727,16700.66305546215
176,449.23971480598976,43.39178595405528,82.48701977538823,69.49818861265426,3.519631227831803,8.61705683735906,12.405648976992104,74.7444406596694,Summer,13068.307547422462,13536.786418225885
177,1069.125285722959,31.216112205780803,77.22104932169086,86.01223971892045,5.989738737139622,8.469787990719999,16.76518123180601,47.38098283979466,Summer,15561.77698056944,17849.17984237927
178,704.0824155606449,18.002498192621196,43.927214618851316,77.98509888933498,2.2862401999562616,14.0,40.72533180477339,5.784444944716061,Summer,13083.676669112876,14972.31304448571
179,1200.0,33.50952395420499,38.15964034019048,3.9618825348357145,14.887252532375628,8.495461998495061,28.874204424496202,95.77898009882038,Summer,10510.483508892814,20589.54024998106
180,405.02513297519187,31.634488416026354,46.57846857170868,48.0506947257829,13.90501451886443,8.71949726128631,50.10454181521964,94.27243190941122,Summer,10231.252723796166,11410.75045177793
181,649.2796212603101,22.535695131149417,61.320645976036545,10.493017841817487,8.099356954208394,13.593982624179638,45.876040672556684,78.51895431484084,Summer,8564.072069341828,14498.387587444677
182,376.1682254887069,13.974515726987015,38.764454857601336,24.204501586252746,12.63049941564632,10.4973984245054,56.508239964444876,99.13279015642206,Summer,9414.944657951366,11099.66906180591
183,1200.0,33.50506184574799,63.69042354943938,98.66625932671465,7.814369659080633,13.767105569551813,48.087105466807394,54.448233280026294,Summer,10976.125749216113,17969.80789152555
184,1200.0,28.210769531632767,48.65881565338683,14.249554290151323,9.353785320041396,6.653661575643852,33.64620925645815,96.27683502532061,Summer,10686.448109072264,19268.309878817345
185,549.5299532581868,37.03114371074737,58.643302659638614,49.888815345135605,1.3368664817402491,10.875711936733843,47.01316423169378,7.560504061675077,Summer,9655.041902900608,13022.716843067034
186,1031.9808552410148,28.20572253891977,50.52885703947217,61.81557343181191,11.329056307452118,6.336136001832826,25.145964584048016,36.568074826137135,Summer,9401.706421427652,17258.673831558695
187,1200.0,39.826352511148905,40.61260316793424,70.2464970544104,1.9157022545285223,6.626532034553545,26.847242432801696,22.538126800676583,Summer,10242.022735001392,18098.09698787949
188,906.2409739193548,29.316739357106993,86.39173148735097,55.96486834869141,12.391014453787927,14.0,53.394183795643634,19.583308413427,Summer,8230.71135950213,15489.63894053705
189,875.5806940272078,29.632829003738518,73.45240559118326,0.9770847419183659,11.73042131505579,7.392453711175952,34.55307340208702,14.08029488926761,Summer,8525.219346463922,15623.694527579157
190,530.222749080542,40.682876093042076,29.80792230365168,32.64613082439919,10.631170466144647,11.32420682275217,53.91091872850939,62.241364156599666,Summer,8911.553931982073,12879.995956790233
191,351.723321367079,24.121900317433898,80.79275831285389,51.771164338471145,0.5424057078714317,10.110956026007067,55.23323055175531,78.1321855747305,Summer,9402.36042718735,9363.497068446955
192,1200.0,14.690532995772426,54.120183877465955,8.786649914483336,4.546925339179929,9.473433262588426,57.16592857137061,57.82983994203607,Summer,8432.119872676989,18313.452715572614
193,1200.0,11.007393670966863,82.61865588258641,35.06269312091808,3.946688548662643,14.0,60.414937971266404,14.696270958820968,Summer,9154.087161715921,18234.345001063626
194,999.7217487279214,36.42980394857666,75.98986791631206,3.3203108791366565,5.402046112072786,6.218233967754895,33.7041871282313,81.11237699334708,Summer,7657.9119820606775,18604.820743216605
195,646.8357492584407,31.710834297371264,49.764945312846336,7.857849715502074,1.3146412014575781,12.637896861755891,27.537675007662635,63.59547071637285,Summer,6736.727464567893,14259.240452370424
196,659.051489535193,34.642791883472825,21.57285158240822,39.69232762015961,14.054367345465941,14.0,42.02093106267626,38.81657061269955,Summer,7753.892596707481,13906.279970891967
197,1111.1468146442871,17.453745652811875,38.80741515694623,13.271575404306034,8.307033610685645,11.60168183461842,30.414483289069516,67.4130295536063,Summer,8494.306065140045,18410.45347065638
198,1200.0,14.773001645536942,57.914395026260685,56.75408482615582,4.582864659870353,14.0,43.059079174012815,25.990497924283286,Summer,6842.148429234948,18125.204718972636
199,1200.0,10.509063298375867,64.34347538783031,68.94649691372658,5.9547227561142515,6.522578792860237,48.80722244541035,34.51922084942105,Summer,6153.48963928735,19164.719398898207
200,1175.8506550291486,22.270564558230895,38.05213798032416,80.05866991090829,6.708038107572535,10.187933190741614,47.86227601706753,91.74858431319902,Summer,5450.530940107671,15845.633551863848
201,1010.4379753851453,30.64711903991216,29.75492518509769,20.01502442448101,9.00891500040926,8.601577909620511,30.600408786106673,29.05045056714204,Summer,4950.840059983123,17522.90294483126
202,340.9679579940586,23.72854157849063,78.44511657595095,16.748258225906977,7.735191415447467,13.308209649807297,19.177311093431406,46.99882681579366,Summer,4450.923579163251,13142.812141889326
203,433.9544569135365,25.31162227083052,88.90815264924865,10.456784033440025,13.79087959821626,14.0,33.679113615421414,89.01411373960147,Summer,3672.058768946428,13876.771710270163
204,1200.0,41.645554307281195,56.79831276118801,63.64302495436367,7.454452243587454,8.565300624442479,17.84267792450498,70.77213502675275,Summer,3611.749634514805,17848.02910766286
205,967.7148715915079,22.188941345815515,32.017550009381246,70.64757264869012,14.88237022234969,12.541746014740745,58.95533693510946,6.220322616470275,Summer,3947.9796515141225,14154.290868349222
206,251.03646193995556,27.989632120593377,39.061512856355826,3.1586144825642037,12.771374366176437,7.980976327597402,29.02326034058216,14.730304427897034,Summer,4116.529522456301,12131.889622289107
207,361.76585143923853,37.42785544594001,21.28734735832267,93.62122462436898,3.127657715360037,11.653302545716098,18.495286097282808,0.7841590771916818,Summer,4401.182053408411,13168.613434391551
208,1036.202122929667,23.878997381244456,84.00091645923493,5.1971283651472415,13.958928219658745,10.639324866883362,11.399626794816298,63.09217902291634,Summer,3663.8065660157413,18552.096604980616
209,246.07390061546243,31.773034507975574,28.24257580230988,54.12963353010704,1.7454959682821414,14.0,45.520231245756634,44.767342541041835,Summer,4325.47641739207,10975.409854767979
210,432.96966170099836,40.18272980613608,60.35615328599775,70.90605194509165,12.261745627367874,12.085272726964666,45.02962746001088,13.427485090227552,Summer,4911.131795299189,11097.274814539749
211,898.4805472399033,43.23322182801748,39.18386544810442,87.09691237460856,5.7093494021487015,9.495063720868188,28.733229161971042,95.79341210567705,Summer,5510.4673007399915,13960.5800953029
212,1070.2742372312318,15.147571832516327,58.792460176105536,71.40869321324278,13.169614806676043,7.140957848879333,13.944153886620805,52.96597239456199,Summer,6222.383979280488,17290.569049681468
213,1022.3535114031206,42.43056688065231,65.59942718463049,80.17280830697918,13.020850351611756,7.512468287349345,32.529589219237764,24.189329411288917,Summer,7299.3803526691345,15421.804464114874
214,509.1231713526717,27.224070257783836,78.08192625950412,33.94501925428061,12.088881001764317,8.25316929951235,27.116962228486646,50.06035711547076,Summer,7428.590964980338,14395.422783313597
215,1094.615065617043,19.038553590463543,34.44948902324222,81.48251137465122,11.85045654460592,8.509666613402981,47.241635185425515,67.96203327351078,Summer,6537.998047336061,15686.137893316036
216,524.69890499616,26.069751468339145,20.769708006093634,8.011484638467515,4.570187086470612,14.0,43.31785871989797,7.623921797356448,Summer,6843.41044737637,14429.09980926675
217,630.4796377911213,44.3011401349917,29.58199410481651,89.48166560605276,1.2137892457687827,11.612227882825248,30.0526550508647,27.4703815047892,Summer,7508.265547872991,11898.178076414752
218,1135.7896861416289,27.241633289750435,83.00130492936736,54.75923761537362,6.044702681477422,11.233909113743664,21.984090484024456,80.69654908839937,Summer,8222.804334976901,17763.201049934083
219,1019.5594788566575,21.506306360062787,81.17230542937607,81.72977699624937,2.60286772479763,7.147688718692175,64.34197813855755,45.966487040266124,Summer,8293.35278653708,14468.147604500144
220,1200.0,32.1690299010854,61.81891715192158,45.23182845183001,10.424266333536925,14.0,34.97008916578632,54.65771420322949,Summer,6861.783153528821,16570.816354292143
221,1029.1354707604119,18.405096657236758,62.03618023035574,64.35776951965249,5.191495898066783,13.228143032084837,47.855082967913035,43.28160022094693,Summer,6508.025126413628,17356.110381704624
222,921.9703240025659,12.655216483803237,66.55256721823788,52.640266093611324,14.634153012898723,6.676683619000016,17.730413216809843,4.389994264300512,Summer,7603.368990507777,18634.21949707226
223,352.4097213937109,14.510790266872723,32.27598950364147,73.15895217553319,9.61458116017998,13.078350972297686,36.707433481266875,16.574977982015593,Summer,7860.207479200498,13015.527455299718
224,681.2589636713202,14.481604363522035,84.00883621474719,8.162998203058958,12.337208454515414,11.435382173426461,11.514519592820601,44.554163874189086,Summer,7980.726290028837,16493.76621964406
225,558.2428412180705,15.316594272930303,49.31393674244512,6.03520839905638,1.9878700911277263,6.817253457467783,37.80003148507475,20.918546540792782,Summer,7242.839556181717,14040.935634540194
226,532.7875720549002,14.858951042729355,46.81969697746482,24.710323401014644,12.930217234089339,10.583006415286565,63.02095739147363,4.997902865967873,Summer,6861.718209587065,14255.61281780653
227,1200.0,32.43061606811251,56.324239369798626,15.954468011318834,13.841357857700915,10.84696287130047,31.131369214219013,84.36496640518237,Summer,7946.819593199597,20416.862221093965
228,711.7172696001124,16.365802953970068,23.287617674253852,87.17835665922017,7.305928782284038,7.6577454016327575,12.144780691620138,98.11925291641158,Summer,8475.960316251587,13912.48561001789
229,1200.0,22.09835491633521,31.639835812925558,21.92139873580443,9.093794066264662,14.0,11.702568500563894,79.31428739967394,Summer,9450.31272991491,18356.584615470896
230,997.3663511967154,41.387594346710415,71.66235314984593,97.58652558191314,11.472147013544932,14.0,31.33927179707782,85.3784921704667,Summer,9277.732718089861,15647.739559631578
231,1193.773564249978,26.588657409200533,25.795906754758853,33.68957917711069,2.622579408906188,12.690223373291083,18.80137150547567,24.197713031704538,Summer,9761.09227384531,21459.682070845323
232,843.1645117262304,33.364520848235955,62.220647662647174,18.211791568869927,7.538491146951636,10.622955610006072,11.284365298050226,96.06269755131997,Summer,8778.671948777504,16315.790496708261
233,932.2846615516308,16.031195492057044,37.17443767769247,78.96985071424791,5.979945416584696,10.117655415845086,51.59174876725972,19.692570445342838,Summer,9500.141239730374,12540.336223524546
234,831.0212325826367,16.730115658303475,47.25069298293836,65.87077755008761,2.195609882433737,12.509734671509541,35.21876548850399,95.14298103618323,Summer,9225.022217575812,13690.575915426465
235,474.2915853576534,11.43040156932676,40.20856157394899,49.8195716453139,5.5130163343729714,11.454318694069055,25.908462458495997,99.4819293965951,Summer,9013.014656642472,12374.786046627212
236,1106.9425383138064,15.912727207525759,44.89709015254644,55.53635509376312,1.0225846407824035,6.622731058818856,59.50457506590644,71.17228057460487,Summer,9551.352376632614,17842.48255710209
237,576.9268349290269,19.750661866118552,70.33321336289718,71.92017782722638,0.38717860424230477,11.125026487703316,16.387642811028908,98.1143731791822,Summer,11218.180356931007,13039.905380920669
238,269.1791597177446,16.19536694968614,40.79852009362225,22.845474133129873,2.0274943373223415,14.0,62.57553559254256,56.95397795671037,Summer,9261.758181642306,12217.237511791354
239,1014.5667550886013,13.104588681496946,59.648324820782804,99.63339160567419,14.446726673837608,10.592398775969581,27.268169455754403,25.954178317609035,Summer,10464.83551581497,16322.978702788343
240,452.53281528845866,14.222255488521029,53.32352815393698,97.4793162146783,8.242943038425254,6.519565775542684,58.86220197697747,43.699588566562085,Summer,9595.764875878363,9059.288263374596
241,1200.0,26.127256881145403,66.45698157538537,65.03256863469369,14.4873324172983,13.862781993840331,43.16185820637038,59.35609353787859,Summer,9380.510584411244,17831.535416050723
242,1200.0,17.221680144202736,85.57808175273306,19.954245092914512,6.48746817495198,8.013637821359744,55.46890478578181,7.308156202701499,Summer,7586.6317525344575,19338.724872782237
243,1200.0,22.749445136682642,71.28004680471753,68.02282424312914,4.677241996278894,8.586208348880387,64.12072397657553,62.234326461724606,Summer,6982.87569525707,17483.983082771094
244,684.1904403065332,27.619604479919992,35.04582650135298,7.219840897917584,7.592127942603661,7.6470635343229585,25.862299080031015,98.11778367622945,Summer,6990.225151341176,13798.83658035726
245,258.5479398346409,34.163819002027786,22.182819454289927,3.0652502205806065,6.592675329493652,9.302150648714974,62.86245169741761,19.010764978372762,Summer,5749.253492584043,11082.471318820444
246,1200.0,11.375924894438462,38.358483100987755,25.76828885112137,1.5849702639261587,13.56751505688635,31.42150421963312,79.25951162883833,Summer,5728.776329006942,21748.882787458933
247,753.8209779807772,37.97936396181649,61.65545514901784,46.26229567393163,9.612394720353093,11.193858595039373,31.203154760530726,90.78987937796194,Summer,6707.504833195513,13673.12781888691
248,1200.0,31.97651363218177,23.599806943897526,86.82725054083805,3.240572737643994,8.048812741507126,28.72129073399781,94.37015928202209,Summer,5648.774074494064,18153.717409606892
249,1200.0,12.861566118210517,54.74563730408654,72.7169069766308,9.293819323467444,14.0,39.777418404117185,96.01356044054472,Summer,6246.280446091362,15657.842027673194
250,1200.0,40.575251843737206,61.778999424182246,74.2706521199981,9.7530163859723,14.0,18.47797737481679,52.14596387214719,Summer,6020.592472885935,19457.948767092523
251,593.3386704835028,42.23053401861346,43.397072357187255,42.54933344480754,2.2803727969297216,14.0,40.454131694690616,97.73079079915037,Summer,6394.287551947928,12582.1798235486
252,702.1172743223103,12.137728594920231,73.96385426220753,34.59349925469629,0.9202444066600224,8.387962113815393,39.79376468255022,75.73102071344388,Summer,5781.041097181634,14834.483480626404
253,1200.0,19.69071768515213,27.461877719364026,37.10387629846027,11.711423791026597,10.51239344180988,51.90459969326785,16.16714362369619,Summer,4993.645407518938,17372.88938769404
254,620.3064061875332,38.21704479275715,25.259644721506614,98.76495637360578,6.897006356539802,14.0,55.85074790656721,47.690010646797,Summer,4315.4336847487475,12791.354062777307
255,443.39129602331093,36.189089163428044,70.97321293425223,4.010919141248248,0.8724569325821369,13.720124763099903,34.22427426718332,71.8331175372004,Summer,3574.02827449176,12427.909938112163
256,908.1615149500202,16.458235677473205,54.68439213443389,86.70314961224486,14.922994757546507,6.271674212255598,26.628328714332156,24.734031581908333,Summer,3124.625248546716,14989.805740179709
257,1200.0,17.32722631678486,68.18816774994153,57.86754085723934,0.8667084149454996,6.652045912604921,24.263419352440195,64.06151835488873,Summer,3329.874863201654,18743.116044491682
258,1075.2357560099676,22.96652359769837,50.437913702262236,43.86154191895905,10.425528432878298,10.639313768123328,20.704311018767957,66.66004790466192,Summer,3838.267652760757,17351.54832530113
259,924.0734041072379,26.958304481685747,37.24814232673748,72.52576604151365,14.755183878951204,14.0,13.170617020946368,16.26997438085659,Summer,4320.547035923098,17075.780968231527
260,356.6117925249222,31.63891700356036,77.33716223719398,48.666894142470284,3.587701563238884,11.387017979527142,28.834638835909235,56.50853124527563,Summer,4640.4996334334455,11809.966541824619
261,978.0086720390037,22.911977384942034,75.95911152782855,87.34232380816606,2.133740530307943,10.978125080342902,24.86362306719308,77.16269109786077,Summer,3917.3833154181943,16117.865090205427
262,1200.0,26.188715064660176,68.62875295980987,90.07018640112585,1.8207740913364334,7.054736999566305,63.152956222652406,49.88956645359419,Summer,3587.0498831938153,17132.287736253376
263,408.1008182838288,36.16148283468148,39.05015960609739,42.17209268734554,4.549127213513933,12.567801047242941,40.673985443752414,1.2103116776107425,Summer,3314.1569929302937,12383.121459852562
264,861.995582836484,11.283912101170927,61.3161466808361,27.682779723505156,1.5156871651597004,14.0,29.100237146677916,0.9038469079292177,Summer,2982.684219078307,16063.34790969428
265,861.8984575423646,10.835293052040726,45.26817278580188,59.23503285933622,10.38242012541198,6.804200075075624,41.92571805465328,35.702934397001215,Fall,3000.587076843527,14803.61320920875
266,752.6148942033636,26.967235505959337,26.410745132864392,91.2363345616691,0.9343769719509404,10.756118509253275,17.655818574013253,92.6194068431782,Fall,3043.2600038277,15155.106499449232
267,717.6125927962144,33.33223931905198,84.211950282357,21.066218900566657,7.641331922246845,12.644766539008117,34.42240620612116,22.867677960360876,Fall,2869.046728728274,15700.091146034509
268,721.9872671896874,19.908710474048313,29.5773041643273,62.296658356348274,14.950452807794651,5.037664591276891,44.44288767815851,63.43636888716871,Fall,2701.2524343955392,12854.362049047239
269,447.5929209758042,20.623971984286047,86.51661476745618,63.156022009252055,12.209554042590282,8.233296311947413,36.88938074858483,22.207587069332057,Fall,3056.2570778667728,12704.903912348955
270,394.8734754115947,5.751020396892162,51.2204041070569,73.3113022415281,9.228291573465164,5.871379580845756,32.09783403598783,32.16699896595486,Fall,3409.9184039680836,12090.537231902841
271,807.488924382811,17.659432838820912,32.959305018703375,13.15676851272598,4.593804311799175,10.928544190338393,64.6616613894834,84.8042089601484,Fall,3147.758191619602,15382.698288417692
272,808.0907157433446,20.64160432592581,57.93306631648507,71.58249646820886,9.358437544374578,8.775933658811574,58.41731191819098,72.88614422699469,Fall,3668.7605771394337,12946.092508193171
273,853.657854864083,10.486467627215537,81.10620851134857,90.9032520665641,7.905621958674774,9.345824175503036,44.287327698769204,9.539927731321063,Fall,4333.26853038564,14338.742330313631
274,890.5924420451771,11.423513083228334,71.25574204866928,17.968310887024195,6.391250758355572,10.979141596158941,41.31575486502555,42.87020209864336,Fall,4032.960094275305,15920.974519818434
275,569.0739190887502,15.204945708661793,76.45928035030148,23.754332492387764,1.960655651102992,6.959704726624549,44.136326390352124,2.916976364526447,Fall,3798.1207453794277,13651.488509040426
276,561.2130357497598,2.702491922220423,66.11483566975022,97.13950940416396,13.299063228607,12.150900684070432,21.07216593023383,48.0890146603009,Fall,3806.680423377265,13402.822191827909
277,798.6361431734202,13.27277079541124,68.45935951624966,18.097695270948975,6.746769732319838,8.3302886724614,31.732575879537524,66.24340117010681,Fall,4478.362807943748,16099.341330632458
278,679.9711446222123,9.400680244879062,79.44369560957236,85.4385093369579,2.919337677311476,4.57954822835348,12.170274308999463,11.850262359815156,Fall,5152.480789260148,14474.314754678233
279,721.5735018061628,13.462407326227012,37.47676062014301,49.227785644803475,5.516390263159344,9.958991181688024,36.155032061775465,28.888493890916568,Fall,4333.376414130319,16233.133922953242
280,796.6341355488809,6.1916746136737935,54.259747455019834,24.723107440317705,6.211946287933905,10.932613504382545,39.866352117671475,39.783662550215695,Fall,4147.441187302745,16477.677413628287
281,872.004273454053,33.16845482589632,35.484660927372154,87.07499012725114,12.413068433503115,6.1676167706752665,22.52623548567653,91.95310246560497,Fall,4235.982735536167,14693.381710745834
282,430.39612548122864,22.775735874391703,89.13676055976529,44.53052550026655,11.00421570842103,11.57179256998753,63.021586594103255,99.32550154229641,Fall,4241.290375395313,10025.42485181508
283,460.4663621119553,25.768581170057136,86.08415377806293,51.48173539296902,11.539573404620096,12.061432547657663,60.02000360154831,4.491129899561585,Fall,3721.924125990391,11633.20560720573
284,235.1855518726952,29.620993351256843,22.759876795795414,35.92333693997657,0.1654689664297082,5.769044873778089,49.71787795007482,76.1007923495392,Fall,4256.119644958682,9900.026572443005
285,622.6241127969392,19.445476962517006,69.3902620760982,59.29508514349274,6.242309972696423,12.83521472715222,39.33626458209494,37.17240664023432,Fall,4557.352101961566,14692.037364432272
286,188.75381903739367,5.042210083059828,84.7673822190966,16.352387258502276,7.220162274529854,4.407115280487584,57.84830378062267,39.245818622948,Fall,5173.33907892208,10256.766291345333
287,532.4784145059681,20.79872896364917,32.64027415891334,39.10815366517607,0.2878841523458503,5.0201566840249,17.185878910290462,75.42649733470228,Fall,5915.742785514057,12613.998287985705
288,594.1157077660613,22.53943913073077,59.756166138684065,96.94123223352875,3.8971981311755135,4.842248392380261,53.478038685118676,91.84264321454087,Fall,6503.4265253393705,10875.724284917706
289,389.2330017026275,28.09038159645155,84.08418083116293,25.813343270112753,11.404347346832026,11.939897100078705,16.865144768176656,95.09285945025483,Fall,6345.290770022562,12491.349738300054
290,632.6666084552087,17.10808411803878,22.37621850100592,65.67366645412922,2.056645585934986,9.542925523249618,53.681586440217295,57.712258603832076,Fall,6625.871291724689,14008.71676228006
291,184.40019995123956,6.465310597844731,68.8194187072788,32.51900642246949,8.029651971788875,4.5210428322227285,25.167216253824634,35.71211593005028,Fall,5725.7212496175825,12566.041334112419
292,189.87855099937156,11.932156702955357,40.81443051607855,77.34731256866006,3.2280280802585626,7.403234183683491,58.23998195600039,78.75490858587793,Fall,6123.4193523115,8657.89769085306
293,818.0804485277267,14.707880373952229,84.70773367635712,13.087366071834982,0.1818116196583991,9.15298025069802,61.92231516039688,25.100138326230027,Fall,5337.792623912702,15604.020891678847
294,448.1525131290104,24.607103446606043,87.97407716157575,96.98210450785447,3.618021863993122,4.0,18.18377831728136,56.40740288335178,Fall,5751.897701367104,10355.157164952449
295,261.6484101215078,21.977240663411916,86.09865423794038,45.37895413836392,14.638106323650806,11.824163684073387,35.447158278596646,35.85784615248732,Fall,5129.76821432523,13300.504152341407
296,577.7946080438436,14.46338540642462,53.194995166022466,23.605046334646396,12.023056678244844,11.036035354415352,63.95430579894768,65.66310737078761,Fall,4345.018940685465,11693.045566580471
297,775.9948424788887,36.52803370775429,80.34298556925194,7.349674733001265,14.3936496648155,8.052067735766382,36.587408978523065,24.03989128935069,Fall,3763.280848657448,17235.373803923627
298,332.65682199747454,23.20211867749105,79.11845789745493,16.975790508754073,7.317810658895437,12.671266152591704,57.495113738299985,19.159294573482576,Fall,3013.623464653104,11574.200935770657
299,658.3123806552003,10.302937710759807,42.337033127027894,51.977394855601766,1.6460429801625525,7.177609792750996,42.380233717222595,91.8239086675437,Fall,3277.303002658164,12710.68419586759
300,228.27797199501438,5.562386541714131,78.02408319054742,33.70031764312863,8.219392334605395,12.841103190364977,30.643144935578103,10.18036829495369,Fall,3581.962465018137,10592.269102963892
301,201.34537693488616,7.35006987145162,22.59053443008448,82.88833658826094,6.815660018399413,9.67919998803627,25.71809555392286,50.595790773493164,Fall,3603.3587445646476,12499.672095398431
302,585.0837052545183,10.608520493457785,61.738891493743715,43.08875236618059,12.665356241094239,9.346712732539414,21.177270009734798,22.085278296300892,Fall,3115.266219743863,14442.632382642085
303,592.5080972880852,7.623848064084449,36.100618610139215,24.871427258762992,1.471238711763669,4.65954895295785,51.89890052577335,3.892996332566745,Fall,2596.3305778591425,13780.813667675468
304,669.9439211985652,8.529845841795701,28.439682004409516,61.714498660403,7.323617055326673,11.81927758304644,31.259727875266535,3.601881829142639,Fall,2096.930510480902,15483.993506061946
305,740.8730669781294,11.978330904284649,25.38672411404464,70.67772168854458,2.250729970409764,7.2748968792061515,38.120150421041316,17.522177210582733,Fall,1816.5693721187054,13748.344404253354
306,940.6816635700278,8.068075835316419,68.74021431146979,16.704190790094987,4.8701389033509,4.622334057824793,37.077901400065,86.67703545060003,Fall,2100.5758496280873,16300.253546854023
307,573.0402786409562,33.38678986192488,43.791247463764634,16.761921628831765,11.060356160816994,4.0,41.75034660782222,28.247874397702667,Fall,1883.4072622920678,13814.601304266045
308,418.36517835299674,4.808181098157477,70.73367400701329,3.667142693354297,7.140271940531498,8.597556836383825,57.606743009350375,95.04591705752958,Fall,1773.6206860347556,11351.330255873876
309,796.148955814963,20.357898634958914,24.574943855925966,73.64020150656405,5.63832427718654,8.273996221226763,63.94066389708862,58.16222929891936,Fall,1493.633721010383,14834.56498278434
310,376.6658010096594,16.363888944638155,42.07032364814272,66.38045276218051,5.917144178550529,10.193536223691586,32.41713147155993,43.66141897687661,Fall,1327.7575140161996,11383.999494307585
311,511.1771365645089,36.383251591801226,57.7643904662736,47.46308757498139,6.8917015260898,11.902580530178021,55.513540715846666,58.00888346694546,Fall,1337.9677413390611,10753.555645078613
312,222.76510507381278,5.921361575881832,75.35062153872744,84.41704489691972,11.775248157555854,4.0,52.04902870600947,51.669838522626776,Fall,1395.6355869489469,8733.89511207213
313,180.280594732366,15.924945966600959,42.312675205244894,80.56701529500532,13.381270334103515,10.314964903403624,41.54409233005653,75.87762537573252,Fall,1253.4774379554144,9403.406217081649
314,930.1187317423401,35.93146516463791,63.81239635059064,58.535436439675216,14.330020297558924,4.874119440975822,62.58259289865632,28.249606597285226,Fall,1031.7283339775852,14262.06642707274
315,828.7840964097646,32.29274940628931,82.0184423765331,86.82712805132586,11.803550793829427,11.581770531571639,21.026098354062153,35.30503916003024,Fall,986.7585434201825,14354.51147923045
316,716.7793648749584,30.597522483224793,63.11042317276132,20.584121003676824,4.731103436220191,11.19063513861656,16.00953156702918,89.40943025332507,Fall,881.8477055998925,14485.823300477663
317,487.162355531416,11.026598946572895,36.30716323275436,11.191961939772789,10.322020591298132,8.407937549855443,56.96790818254822,94.64565131504055,Fall,782.9234138621763,13448.744555081861
318,298.6354560566766,7.981065558652304,21.70805470895766,26.974961151698963,6.564046860830879,10.102427986233115,34.15323991485616,89.25582274864745,Fall,926.9383560256351,10746.739294954506
319,285.1496341368688,25.402512697355085,80.90692117306509,5.708685608931486,3.8200593306907678,6.143501131837484,56.583286981388326,41.94479939573136,Fall,970.0597085172243,12584.871818086123
320,360.1943185316763,34.528159619465505,21.4888587595271,53.1169528001032,12.61307369138884,7.711678989328146,59.11996128574782,78.03655030068816,Fall,992.129902918999,9835.491157136054
321,599.3813317648963,21.486701255487542,81.22911708789397,93.66056922949615,0.576395234434875,11.216368977104716,13.435167649048928,47.63357333010988,Fall,958.7050875730913,13379.271375718585
322,731.6767381600499,22.006444131446493,57.02559938190484,3.9343540668509647,13.526429882031353,7.592651971732138,58.59056196423334,49.75398521461022,Fall,931.4565159565241,14249.432863034957
323,688.157901374185,11.799268278109945,85.73473889590274,12.21099140100268,6.922161969371013,6.577982653254418,34.65754804531822,20.468010905728395,Fall,946.6970089006069,15896.953985954817
324,383.9471175567543,28.93225266171779,75.91482650415658,45.21990282834353,9.558022152124206,7.942124472503,38.07378689523277,59.113030325851646,Fall,1021.0808132126092,10513.721083492164
325,923.8922245305553,8.546531199513318,89.85538773733363,93.38750175279048,9.89030883308674,11.282492524372184,44.46258811012656,18.613589775334795,Fall,1103.6438133234478,16115.540516593503
326,750.3175333566148,13.328773274148528,44.54982708161971,31.61561049767505,13.426766110598045,6.352080473708727,60.95104337015477,33.15646990671938,Fall,958.7106182685369,14439.541011636127
327,603.4832420091205,16.890275351574587,73.70318022517888,50.723480868839246,9.55004523250811,4.737615931357438,11.05138519363702,85.50302016199352,Fall,958.7538569137746,12603.192789712359
328,649.3765969874818,19.766363253955927,48.13516395264695,4.15728590503921,9.209003771400926,10.120140203307807,36.22639075747994,20.707580921085523,Fall,924.9896505313383,14954.034533845623
329,495.68004994223196,10.484340634527808,53.59129342127362,14.834320096208886,0.9997806084103494,11.259782127080818,47.824712333680836,7.115828517343282,Fall,1062.0830941481202,15062.802544523442
330,358.184791600926,6.019288865872124,63.9253824252859,98.66301229588468,7.776120329178061,4.006374785235334,49.74888267340256,6.90075926128163,Fall,1117.9142199390087,10474.802969214325
331,444.77814292100925,23.37170148545714,81.15739799304372,96.51186964360456,2.252535012255625,5.398741127559447,48.08928373454094,94.07845205031079,Fall,1132.448923159916,9618.356204579974
332,766.2768883714953,12.102069363408951,88.88584284395066,0.49399809344096157,11.061506530822284,4.419719897609939,17.393932117446703,50.69204379618346,Fall,958.2305538375083,14677.618946885566
333,171.5147909038047,22.34333774979143,73.77913897051627,95.18117854232389,7.683328812190117,6.479414115821666,26.466757360442468,40.941207181701834,Fall,998.7207351145473,9894.390979731475
334,252.858112405533,7.40269503459708,49.243674751713364,63.91199378155004,10.2034166881253,7.503509789054126,29.72935389793574,81.08785810079185,Fall,845.7981764273414,10405.176470952032
335,196.80211361740223,18.83990356491861,49.494990159394916,86.79182945200222,0.625093509035764,10.488263369633064,54.244046422372776,83.5825927910516,Fall,790.7220238190018,9384.402964078303
336,192.58304185517613,20.640630139305504,71.6307611112224,45.47398556338591,1.2718802406870484,9.51147584881674,25.331792982800415,33.21910331156046,Fall,677.75693405691,9336.276700427914
337,844.3684672088057,3.8138237887849415,36.71440020378117,51.55960285792502,10.744850820940234,9.209285674784311,21.588773012696173,69.36180574737952,Fall,729.8286325050562,14354.83288551112
338,722.926287504019,13.78114973678722,27.733187919197626,48.88465802569202,1.0812650399801005,6.523749466096544,62.65964104709529,77.11228158518865,Fall,644.0743852809716,14410.075484074345
339,539.3390632698602,6.704513692864099,44.82355103485436,66.68642575461044,1.0688509164788789,11.4144755308476,10.48748068124079,65.46506868659546,Fall,616.2141421858431,13259.209434631732
340,238.2673285208012,4.218123966546871,40.10672941578572,13.96512547563129,0.18162712852331175,7.712871673981645,64.8801470625088,15.159507480009937,Fall,713.742299655815,11233.568181897856
341,553.2927000934659,36.64860813364808,40.741568431919305,2.9973589872677953,14.347520974492202,12.791049380151545,47.22517143715676,87.5883083517057,Fall,629.3255378624682,12532.08790816336
342,538.7774166244526,13.282384574115305,36.35254257349369,30.79299415911909,11.062625391885105,9.341421382957368,55.56581146970144,53.90945527360087,Fall,631.290308292032,11755.93893921974
343,298.5614959280121,30.345605604912222,22.94652327454533,70.46807627366466,5.298771127530962,4.262647415645027,26.204066799040625,28.24724263700037,Fall,610.9051011278698,11895.472295640313
344,507.0813193903785,10.912422916731735,21.251175431338968,20.185345212294838,4.448033719314829,9.76177562075434,10.787340271688299,42.52281854376939,Fall,493.15290855345074,14778.839546669975
345,478.8037875178988,25.852595277837523,89.14056728152221,67.34324333249174,5.245548446187743,6.25104015431699,50.582823520884155,3.757109039890738,Fall,550.9027146378725,10930.287293886613
346,652.6800784417733,28.60797509613903,49.94411936151036,96.99120461072704,11.619802967717728,9.863271966860975,55.87795283503717,12.786680122241755,Fall,455.9372025996361,11464.001111666297
347,668.074920694115,22.84735592127455,46.90286530117771,9.39007157894184,9.920559166056217,4.0,50.726187257443556,76.55467505158609,Fall,451.2419651129345,13733.434693278117
348,196.2432078176356,18.505166599255542,67.57530978851489,67.26021182251263,2.777933518012019,4.748814371759594,17.856765801546125,0.0011634755366141114,Fall,462.1942023321161,9685.931766664045
349,459.690091701177,16.4144319951544,35.27777215055449,44.375021930457116,2.611640030011265,11.557372589057863,51.4385357241333,41.65658284822922,Fall,485.9373878014438,11362.287014590922
350,660.6879325713892,14.210389329004833,86.49728287651577,86.81422543775054,1.4759347457009597,5.271795570235149,52.29075301592025,52.251018108558846,Fall,522.6026522824835,11246.327844951396
351,562.5090068640702,34.53352004867391,75.04415100908864,17.71497894473859,9.904540795520072,11.3704112524294,46.21972836185302,5.4634420000972295,Fall,471.02644957753773,13578.184241981207
352,845.1918729506579,31.07167927257052,26.258770161858166,69.26259522261645,11.46558993332604,5.792760884544104,52.13637630375724,97.30781629723329,Fall,378.70126675825287,12742.991992000136
353,686.9549052951561,35.77594187332794,49.230654304944984,83.81152896481102,3.9756964248750606,9.428819100587077,56.52567918227527,22.612533124967193,Fall,412.5486259514163,12044.180439664786
354,290.34754166514375,6.3504028219940665,81.53828152935154,94.46142194740233,0.3141744154636922,9.94150573509831,43.74822628306021,30.419871963628086,Fall,418.4326583781938,10383.295152485147
355,216.45499792034389,27.58036163212755,86.13124156039872,68.32480282896458,1.2325750121464103,8.12654753145053,14.873259268332347,30.39425122550273,Fall,474.68970801058657,10436.065042214112
356,673.9354225650526,34.841915988736325,52.718105787490884,49.71747640084273,14.517900522675458,6.053106766967312,36.8195295316966,23.04166621173499,Fall,535.713607267919,14626.451004679213
357,181.20904843329745,8.343157315798106,62.93879724474954,61.78472402012139,4.431671662161304,5.126443763710961,14.270713406938278,0.1473822086311416,Fall,609.283407193966,8850.257008173583
358,628.6204650187707,4.327369357837212,31.692376226445266,86.89049844787182,11.538347217572005,4.0,32.4148667067837,72.93447940879963,Fall,605.6507766527459,12579.52610456362
359,912.184193139966,27.939222725152067,89.38180382958836,57.060974663882966,9.369953532813957,6.0394640124072385,32.390856901909515,96.68454997992853,Fall,565.3455401429997,17373.56086477885
360,620.3793423007032,22.106558961296916,36.21701909684104,3.038705969683686,5.729094594793438,9.531627905312831,13.630541427713286,22.429348328504506,Fall,631.2779919538557,14813.839946304643
361,470.5359409652176,31.46400718653952,85.99122418945879,93.09486955069778,3.0853089329333265,12.383048184484826,29.185129368321363,66.30471918034225,Fall,618.9792101445663,12588.639440158491
362,674.6305747538826,6.892033181920132,65.4752654294658,68.95267510315611,1.8207962723910964,11.71204482263052,16.104895433522316,74.18963269587151,Fall,540.602130450446,14704.733965437696
363,526.6023123932133,29.834355915096154,62.54157564152014,67.65133857772466,9.225194520582999,10.660647765353026,54.45293655050722,84.84253790905247,Fall,617.3620149422425,12556.87734900151
364,596.493431452748,9.056956201671058,55.8881957711556,21.567515239771716,11.619506709566819,10.884473432532987,62.122841428045895,42.262919701360914,Fall,711.8331894863353,13550.759725129854
365,913.1718470212202,7.727958000299658,36.14688682024311,65.88854702326572,9.65856380311696,9.649849034759953,13.977406139186623,30.293090564042924,Fall,702.2404559898092,16768.36338734572
