SensorID,PM2_5,PM10,NO2,CO,SO2,O3,VOC,BlackCarbon,HumidityAvg,TemperatureAvg,WindSpeedAvg,NightDayRatio,_TrueType
AQS-001,26.96919698240182,52.832132044435006,24.380359061982233,3.7572877972444156,11.986799958606229,24.107751374342193,32.58596013962708,3.3602668560577262,70.79857285295132,17.749252748155843,2.9098516338917833,1.3691205153632078,Residential Burning
AQS-002,40.441018220633325,64.87573657319214,22.267665964720198,3.5729053634133825,7.382421707358979,17.53884577079844,12.789705221222007,2.357602553107971,55.542539393032186,15.13732944980947,1.9380452314192051,1.4317200884981771,Residential Burning
AQS-003,21.6537344262646,49.84633858532304,86.45451364771606,3.0410270332593647,7.733748534889049,46.16554286243517,44.15935606944264,3.783952240165462,73.77453279763475,26.569081434447455,3.65353430151398,0.2988194615445706,Traffic Hotspot
AQS-004,52.51947617722919,43.33914935995296,25.994290980536718,2.5111025645623135,9.160425562067608,23.28684161425753,29.59038979228882,1.782973197910348,57.93107432012651,16.740702147319656,2.2708423010287313,1.54828589054404,Residential Burning
AQS-005,26.03402712041339,58.53802052034903,83.38913490400894,3.382942570572613,2.5779676004750867,15.97485637505515,48.536417966078396,5.81628990578597,51.47376020697609,26.306991934243364,3.519781934142537,0.31954038724057243,Traffic Hotspot
AQS-006,23.149038382640875,49.73180925851182,71.70737768450192,2.999388407187755,3.4734816869149663,19.90316499791866,43.17659020469123,5.478453823190869,57.102643057127736,21.98506727778856,2.2103718634296627,0.3865463486838052,Traffic Hotspot
AQS-007,2.0,12.836224850574805,4.6078115522393315,0.31336963709505755,3.2796242546160697,46.43188616946301,8.628484553769743,0.7816818697893939,71.42788514140075,14.721870855030922,4.373017491002763,0.7223212884974105,Clean Background
AQS-008,25.647351081207056,34.22330632042909,90.2767033001606,3.1872255697510883,3.696327784395682,26.034055487312447,28.50601111168057,3.6484901785640527,53.538165667852205,19.527741808926212,1.607006266468331,0.4229207874856323,Traffic Hotspot
AQS-009,38.307228607537965,45.039361103559486,6.0,3.2172594896442184,8.58507495208438,16.97456776476679,38.38972407834346,3.00000789846182,52.62573361777427,12.475726653354831,2.0628616237753197,1.6677539308433345,Residential Burning
AQS-010,30.092778691672482,79.02623624814753,52.615035766363974,2.2078945472755924,44.02153171523537,11.677905485121876,31.87458438138973,2.292963149866318,65.48935263983216,18.095116505821363,2.6018562952619866,0.8363280263959405,Industrial Zone
AQS-011,31.25536026151579,55.519330326867745,81.51436848508547,2.461765268317615,2.881572956222097,24.632124153437896,48.91506851922462,4.75860488779561,69.08703580582907,20.290331125424636,5.114031353866786,0.551611930221871,Traffic Hotspot
AQS-012,3.2964217239036326,12.359614510723395,8.009716646459172,0.6351072459157195,2.2931043889462206,31.769303657436524,7.847808966039446,0.5678205702567175,39.695319808755414,22.780780297107732,5.251936364715685,0.8002608156655462,Clean Background
AQS-013,22.964694860664167,56.2206015999449,74.78683573802859,3.0050535854662956,2.925507691347087,21.809686407171416,39.142276486620396,5.621614931157641,47.787671828692865,20.60929151365368,2.511849654822276,0.371101915092104,Traffic Hotspot
AQS-014,27.78504376534029,37.29107501938888,63.748893402781036,2.80314621983091,4.522103906267181,43.05619597180027,42.082527557144715,3.1895501805939315,45.48460575809556,22.595062801488414,3.3042011039518764,0.4366486941350872,Traffic Hotspot
AQS-015,38.4955053579708,71.43085086822806,23.81801116577693,2.6873425448172825,16.537741211896865,18.42031297867909,58.8520162546869,3.438499710069313,44.47939330492042,21.56185939971556,2.673341664370408,0.9544191971499937,Industrial Zone
AQS-016,27.306110305670558,41.19975278421509,35.0,3.670686164677025,1.787107359484855,31.831838605971136,30.95656309457241,5.50228009591836,59.32969674146876,19.596892490421116,3.0499444129674735,0.22050114859428357,Traffic Hotspot
AQS-017,30.83475560051341,60.199947913732835,28.009157816596655,4.697069943911571,6.450711068337284,25.74372135442137,13.614570295063345,3.702737705522795,64.0337632998511,16.92578369010229,2.320385109205063,1.359090456251311,Residential Burning
AQS-018,8.687224064617109,16.36598495500847,11.265433286144578,0.8786909055048863,0.5,36.05841001739775,17.475271362175413,0.10167497532984826,53.217367471765336,10.977594497242137,3.7299998158435415,0.717092059935637,Clean Background
AQS-019,49.78936503512114,66.03507990913329,42.89681301822387,4.9101510186379675,6.48275988721419,27.91610579829025,36.70504781589553,3.083154774123141,58.878330828451794,19.02998059734994,1.2767453682111998,1.4345557909553908,Residential Burning
AQS-020,8.860867562905126,11.74732360626478,8.697555791405986,0.5355943691015883,2.13131383554638,29.2358448892355,5.282161341968878,0.6081940139554316,64.88728003009837,12.717438279199548,3.3448187856972282,0.6833267263015436,Clean Background
AQS-021,26.205955897204795,47.271710873431275,76.30219329227253,2.714572308987224,3.044889510402898,26.993704639202814,47.82690983945514,6.409770125919805,62.567532191537836,22.64330714951408,3.10166037320525,0.4206393061530035,Traffic Hotspot
AQS-022,24.626274824554166,69.90455625809979,80.87486631245216,2.9392299624145815,3.4142543354753117,24.735397015827587,30.221833124091248,5.17270265299916,64.48709887589642,19.573941541687,3.5649610024662257,0.3696143440213259,Traffic Hotspot
AQS-023,11.994017185965209,20.197342522592024,3.5989155819851604,0.6437068084821891,0.8644760446741153,38.01830348914803,13.568270398926883,0.6142480404754929,80.4936214138638,13.803272910290262,3.8082965083981875,0.6720146113597953,Clean Background
AQS-024,28.473297141564657,60.91218902031667,22.599810129823513,3.394437141951056,5.587052721020023,25.38713655831628,24.522692490842697,3.2004256360557397,69.55904195170703,16.184010989013096,0.6501245223114316,1.8294577389546223,Residential Burning
AQS-025,30.980284918067397,28.812287847009586,104.40521993342912,2.792651936291851,5.768130897878614,28.6927182997832,32.26337993119763,4.836976741909928,83.26932425873622,18.83353123179021,4.198010109859652,0.2804909411686972,Traffic Hotspot
AQS-026,5.912915368408807,13.141269790219694,10.138854995010247,0.5825129342445637,1.8282654328033288,37.55263641182229,10.657179061482276,0.6681103436594666,70.50079332417553,10.292151548920128,3.5446358361762056,0.7783421749874326,Clean Background
AQS-027,35.51579531848096,95.92885834450469,34.24684725751886,4.089475117673946,29.25127766223744,12.387367787732428,36.756044532416766,2.4788753944328583,58.667253592041384,16.710320270471197,2.5224658928120465,0.7843563623181992,Industrial Zone
AQS-028,46.21586610614456,55.25794372990778,24.295156669115503,4.801506439846273,2.0,27.699062334827865,46.637479499667705,4.434540965917385,67.51473608940512,23.12719563508424,2.3331568304811623,1.42059491531383,Residential Burning
AQS-029,48.83569323200477,51.193860519407735,35.09675622760248,4.659712879674835,6.6025832926455115,14.26596044856236,34.20003883769473,3.2403061737118657,38.0,18.55464067457241,2.34265335390019,1.424469063696362,Residential Burning
AQS-030,27.032285730003945,44.84730755359654,57.915756659004174,3.7014142312576164,1.0,48.58687842599888,49.49273326285676,4.1701857244135825,57.963974609094315,20.93056030886232,3.2488600703257045,0.38082820958747043,Traffic Hotspot
AQS-031,4.119477124387712,14.424566344029458,12.054457856924385,0.581631047133009,2.5226437083860698,34.89405557182769,3.8275270882285186,0.8147618234072879,50.43584183256144,14.113853609665048,5.298442722039396,0.5683192598463163,Clean Background
AQS-032,32.18834468860318,51.41617178115459,16.633403885516564,5.301211994176765,10.195612112864886,14.705689114298279,34.119179274481965,3.759851296542521,53.82813538292997,14.676843102689771,2.7011645164023483,1.6553972526639464,Residential Burning
AQS-033,48.17005949576698,42.018133501234665,8.840529304026685,5.567355531277592,12.719059175644569,27.83333738246215,36.9966661748806,2.8615030978152083,61.30792799552554,17.1926338639621,1.727273698123136,1.198972925605321,Residential Burning
AQS-034,26.144725744892714,66.96792982653947,63.59696371977687,3.925702503529531,4.619322643832784,18.042762373508666,39.50301761461878,3.7294259755620587,65.08356447299353,11.694431372063002,5.452435805344309,0.3076873886828168,Traffic Hotspot
AQS-035,46.57772866151886,49.24731107118367,24.57237165832013,4.275443965136425,4.823277238830198,21.65771971568126,28.247724334949865,3.129716053595598,69.91207665411996,21.482144575986855,0.7608315799572198,1.5351687317259657,Residential Burning
AQS-036,27.485316849449966,52.40740799864681,17.816342670669684,3.5535925737798975,39.754268819945416,14.784219329315711,65.73977311416077,1.852317184062683,49.631938956312084,20.000828259672787,1.3191871846911551,1.0284116028535966,Industrial Zone
AQS-037,38.892013150609614,90.9411595919712,28.003638143853976,4.20723631708884,47.42846155499681,21.69220490407832,40.80799850342042,2.0260285926776844,59.74258703140068,20.60941948813489,2.237109170791732,0.7506727042128836,Industrial Zone
AQS-038,7.689706327129148,11.05021103723993,15.011370537709935,0.598591002903889,3.521342420705328,51.429397386980526,15.136383175792469,0.3077634461350895,51.41559366358347,16.985600470935765,4.963659184617673,0.7201942837628329,Clean Background
AQS-039,31.45374199046792,100.28909528580544,27.111505782137257,3.7584634184928234,45.399454458553706,18.739228840706915,75.57240080737432,3.380767707998857,59.91094802118886,18.187006363907948,2.2659801408930185,0.8610879609222967,Industrial Zone
AQS-040,20.584156499359842,92.68326982570734,30.06340540720282,1.2,37.598107058223746,22.067251917185445,65.26502583768902,4.2850401169541055,61.051495957762896,24.94452288722487,4.161470165728018,0.9590625599162769,Industrial Zone
AQS-041,11.93595121572184,14.032350720151356,8.350344727134079,0.573987941289276,0.8916554192155699,36.901512273688965,15.422291742841391,0.6575693207619108,57.024275016907865,21.876162451367286,2.5423978674995125,0.7549876412018367,Clean Background
AQS-042,33.58768071469719,52.12780926936498,78.4694486396858,2.8902362718857244,6.077820087369317,43.014366500464526,49.03301882016521,5.508046029405931,52.97945775647389,21.534639749946688,4.209817089342634,0.2669028402476016,Traffic Hotspot
AQS-043,28.522282409429028,52.73237624573545,84.59439825606552,2.1594277423704433,6.0018343752487615,20.083161437931352,40.56029734313876,4.460251779517036,61.42725346377704,12.821274097116376,1.5070431858046147,0.23310357015173627,Traffic Hotspot
AQS-044,28.665535538259196,63.499344050175395,67.31698269822672,2.1984823812173144,4.558060800933554,10.310917527936919,45.12998430172388,5.147837567999614,58.46436548156149,18.79164313385059,2.053654606981312,0.5111293444355254,Traffic Hotspot
AQS-045,36.867364268449094,50.14093744130204,82.46211047172567,1.8795314975586264,3.674752482108307,26.735936811368084,31.751814223043212,3.626351585424134,59.9652116970147,18.307287564241022,4.118316606002313,0.37951432707680854,Traffic Hotspot
AQS-046,8.96235717779805,16.893473584052376,11.02879588142371,0.9338139051652662,1.5225103112744773,45.662332915783246,7.556569440779737,1.1845027934369439,73.49672018878746,11.414669365631752,5.07631260168711,0.5171194046872257,Clean Background
AQS-047,23.16870744980697,86.83754912948852,21.75813175670795,3.5166349661403262,53.97973077777552,27.673669547931873,61.53478013097755,2.3654849451321684,50.04319643267483,19.442214897276003,3.7816437950037685,0.8392963687073219,Industrial Zone
AQS-048,29.57827704198315,67.02390772225112,29.963262498230343,2.822914676007301,40.555426032556824,18.690156474884503,58.991105575957704,3.5095372005711933,40.317445603546375,19.348828375710823,2.9621726660819427,0.8312771435886448,Industrial Zone
AQS-049,28.405169228127544,37.37696286273895,79.0698219057264,3.3145957739212113,3.6005489840148286,30.6154189901133,32.75479733720226,4.444420953475836,58.28744822934817,26.301043490501062,3.838730222029185,0.3729374361318996,Traffic Hotspot
AQS-050,30.154280615973292,62.6906318242326,27.429037434137282,2.9654847315688047,55.31639810347468,22.560335782137614,37.52055237466547,2.2254461796020717,36.29415521057065,24.50173913765908,3.8728484746765304,0.7728946320350951,Industrial Zone
AQS-051,25.236167374241276,66.65774511144757,94.85375825504289,3.3233923820324067,3.7068542315149466,25.84100051765303,25.19570647503717,4.440345239282333,52.410781527284115,13.096937347990636,2.1037249131047986,0.5138057909470163,Traffic Hotspot
AQS-052,5.369678656364465,17.757399501761007,6.687214908139062,0.45804220155329295,1.748577284948063,40.23414270573221,9.357475521898023,0.1464349741310359,70.19925252635234,9.58996524223711,2.0760872014126366,0.7821593731669741,Clean Background
AQS-053,2.5049532583819216,15.381336599501218,15.71543083125427,0.45520193365147815,6.02291266569096,34.893224493590736,8.33349877753815,0.30460356454582127,67.4090851856099,16.393366956984508,5.815283888972878,0.5561973845488037,Clean Background
AQS-054,30.168373633050482,54.25667347765006,69.08628849499814,1.8433434047233797,5.540913651559678,21.676204356437506,39.958452550976816,4.155482661312811,55.5876394214367,21.086794842593378,3.9589285897867654,0.3906832723825826,Traffic Hotspot
AQS-055,10.875157459526127,15.676556974837407,11.857479454186297,0.5213894485877197,0.9497124550787603,51.03713704890239,4.506388444121003,0.7419114846480646,42.63247297497535,14.682446302377189,5.362100908165969,0.4415621282123492,Clean Background
AQS-056,29.18116741521474,50.96984673233186,82.84487674801072,2.33619412968672,7.2391498228691535,21.15132939272906,36.15097863557011,3.3948534280024467,59.94089992898308,13.908829739206379,3.9011727423108984,0.25552834830370985,Traffic Hotspot
AQS-057,46.97743089091394,40.98996614782884,20.215309445124117,4.194130816293488,3.802081475594175,19.75130063717462,36.82129664931257,2.242593633398308,52.90523064581195,22.09295448684903,1.1881924054513182,1.2835877390300285,Residential Burning
AQS-058,52.25846570612403,74.23758136885155,48.6125921454787,4.235383147660163,49.616657622741236,8.971677755813987,73.10884208773098,2.715301552996086,68.3279031500638,16.52134767490122,2.3196083182375924,1.0035782191822153,Industrial Zone
AQS-059,24.38976032662362,50.27459934604129,54.347624639309366,3.1116079085447033,4.449896605696712,30.707971259955315,34.3903383418092,5.044455425378398,54.92221765046999,20.091341952142,3.5213572154502732,0.349669780721001,Traffic Hotspot
AQS-060,35.95664294731323,81.25838805666673,29.73515901150168,2.983228656700372,31.15557767123846,18.452601833409556,54.31785129162654,1.6418055794081547,42.49096094800046,14.224580735465832,2.998221748496785,1.0776440584515485,Industrial Zone
AQS-061,36.18933965761689,66.41667185315742,47.421099525678756,3.873143985946821,46.06180612154029,22.7996514116523,58.240570929318345,2.4293096326357317,51.77549492264923,14.61651630610714,2.1459592890589763,0.8329957852240498,Industrial Zone
AQS-062,4.9682053402132595,22.296166198933996,9.438499764378655,0.34710031860900686,2.6060107195257483,31.52495343133797,3.9243566996397288,0.6701544077368795,56.0337094138827,18.383211490251714,4.274086397896432,0.6970953336536184,Clean Background
AQS-063,52.97152711753696,55.16184658397272,25.030718777524875,3.493714282685067,7.110177622790605,14.318882306570092,19.670777491658995,1.6550528492802699,69.70044187368202,19.0876806193467,3.3027748438178577,1.2217982980494524,Residential Burning
AQS-064,28.550564659213013,39.532062819315954,83.38006966374545,2.872177379027139,5.198664610858452,28.445799298309556,54.65474444462576,3.6260340141738157,63.69767280232204,16.129195194752434,2.2114088928490827,0.2917306715060901,Traffic Hotspot
AQS-065,25.476128063407845,59.35565640180599,80.33219835611679,1.5764606933439396,2.740586290684764,37.01252023638206,39.220098146453616,3.481532479915392,62.254575617849646,17.851111053960633,2.770594458874747,0.44542130393602297,Traffic Hotspot
AQS-066,39.113669107053624,61.07142754282428,84.85006725876687,3.7196433478015463,1.0,24.67769668879359,49.59329803364248,3.735559744604364,60.19150327663939,15.705199984245684,3.621920754235285,0.3637135711918111,Traffic Hotspot
AQS-067,10.63825112341221,18.223869039157975,6.747942510959481,0.3805263362057867,7.728085101768127,37.09215483294287,6.05784159711628,0.7484116961325097,74.55403609459896,17.003326364016846,4.229212343145298,0.6916900164825451,Clean Background
AQS-068,24.237647671016802,57.996221323635204,24.2947482099016,4.354655405814178,4.608153995187421,30.25807645852497,40.220581324646496,2.41806542653152,78.28640828248231,20.746938480709325,2.3665344918309588,1.4537638099481196,Residential Burning
AQS-069,8.213761249732677,20.360985000364888,6.428849938032464,0.3001968079083197,1.9820354080588451,37.1134995177673,10.100843470160328,0.7212638595831996,56.19983667346315,12.00256924230889,3.255520711716005,0.7019859658495432,Clean Background
AQS-070,37.387861934884036,52.824724152431855,83.89442935829435,2.828188356258845,3.1848726759168042,38.76336036923982,20.974163957621595,4.544168771565646,72.4376460407326,11.0411448848876,3.137406872100478,0.4565361853435667,Traffic Hotspot
AQS-071,11.662463896439142,9.135702742594681,13.432056781208582,0.4771353711807411,3.772941482436701,43.99920191538968,3.8287871270284013,1.2279593796629835,67.14883596076372,11.164886175252901,4.5814062167003256,0.8408588640716003,Clean Background
AQS-072,25.639095791525122,83.53332056056381,20.58310885866495,2.6422887904115147,39.13281480996367,5.0,71.9150019255918,3.8860119995880735,61.60491430273218,23.861589938364684,2.324145595567929,0.8115370174239996,Industrial Zone
AQS-073,26.595178258304916,51.015473423336125,87.24530835754312,2.7117655710987165,6.339345097660077,24.704984271020262,39.064302276918966,2.7867977520985896,76.46707325736034,16.87559882845618,2.160094072874469,0.4798193658138987,Traffic Hotspot
AQS-074,23.68093474963175,40.85648581973632,54.531035452492105,2.3395914622671703,2.1554925808046517,23.919868809162026,44.06009951345639,2.8629956642667254,42.76813095216225,24.29594705316013,3.2155790475814676,0.28322871850470355,Traffic Hotspot
AQS-075,5.553873115051637,22.376953689995073,6.026565201672197,0.7171808402329298,2.2234611406961777,32.11839172189403,15.813101904170178,0.317880325054694,46.48487750941071,20.80847079673024,5.5337238307593655,0.4691636521376212,Clean Background
AQS-076,47.0066572138121,50.42232885193999,28.830717035412963,4.371572032138522,6.9945866564856445,35.32895612701105,24.564174366276934,3.1917057192280116,74.51549770574043,20.029775892780794,0.9073406756676488,1.5647488842008825,Residential Burning
AQS-077,35.82746813453077,56.08707059680596,6.464897390767254,4.2737960007722045,10.655694448966972,24.581132031222637,36.01789324282116,1.2,57.44208499841637,13.902207454949393,1.2141571356981484,1.4915605014706625,Residential Burning
AQS-078,4.102350909662527,17.69343658960845,9.655721228836427,0.7699223977032426,3.5409718371536925,39.85473673707878,2.7845488297505403,0.47946149191750986,67.00143033113883,14.075722090169279,3.5372639674325477,0.815604231248489,Clean Background
AQS-079,45.413930315190385,108.05828107832531,22.016145608117085,3.142142483472999,50.070884414432776,16.14474553770082,76.4556468607832,2.8016803151217493,73.60613417813025,16.397517061408525,1.076042847549855,0.7021412415993483,Industrial Zone
AQS-080,44.60280506582886,60.31502347637934,34.31034338936593,3.962896605525976,9.438324554258191,20.688696871155376,31.798293903468423,3.2763242437329954,70.15628088443957,18.21623108446363,1.4173822380747096,1.7272698794525687,Residential Burning
AQS-081,37.13817913844815,72.63242112485287,49.42197780334487,2.393702973092733,4.821759920974423,30.035366746409704,32.56575228866235,5.075299004664057,68.44160877069072,15.272063008008805,3.0604103718448266,0.4515939501555553,Traffic Hotspot
AQS-082,22.551855546872734,48.99651365087641,62.734989493242566,2.3689334672485383,3.892701389305636,13.033664631793155,47.35678393147461,4.136850859687218,70.06508966508358,22.19821086127734,3.4010990467149678,0.45711032934359275,Traffic Hotspot
AQS-083,42.85318142565024,34.04164893891905,18.548140243201594,4.161458956819583,7.882078137117106,19.109015244995962,36.91386494968563,3.5648331751553703,64.05541285557997,25.12660734615537,3.0215723088705504,1.4352054272811243,Residential Burning
AQS-084,48.98828420202535,72.99500685046505,17.032941016755792,5.828375714759799,9.24459650108573,24.069371421229665,38.969134595215024,4.049194552630301,73.46770775216494,16.049997287629,2.564863131052105,1.479104239553648,Residential Burning
AQS-085,35.707366063072115,62.429872772671274,15.732575743458831,4.616885662889211,8.759495714113944,24.860251153912373,41.00774760385792,2.1369767217373097,53.456373317670156,18.661667294767113,1.4327832338956075,1.4850573557867848,Residential Burning
AQS-086,20.822760255515973,51.41151974816644,54.67058301642412,3.8988752595126117,6.125938473381142,18.996087621612986,45.43264094022715,3.5089821914062846,57.00824136220617,19.04269506329563,1.5546012530431084,0.35468732402441583,Traffic Hotspot
AQS-087,42.07063158628176,46.75882915314139,13.279978364875308,3.2707284868252144,12.662481262144322,37.53146163413694,15.244642537271092,2.633540691243849,69.73471899035229,16.738841899124335,2.4022275415161554,1.1923384765072924,Residential Burning
AQS-088,7.359629661948685,12.40445274275407,4.7367367342899716,0.6538589505161467,5.29204703908175,44.127026235844916,14.511121002535594,0.5139617292785192,56.53958201183279,16.143213147178933,4.735489128800064,0.5465753682705329,Clean Background
AQS-089,29.545302344336587,43.14636452170897,80.73767743873017,1.7779705363869072,5.742291746742618,29.58467808614284,31.730329422122324,4.185219393534523,55.79035826170336,21.665310698809925,1.7973947282003067,0.33123902382725734,Traffic Hotspot
AQS-090,28.58246529608824,51.577873603482836,68.95246315481891,4.036448754929192,6.277184917554748,25.313722405678973,28.767667538890958,4.38263071876617,59.28104414910789,16.605391462368562,3.30537550614596,0.3265527637085561,Traffic Hotspot
AQS-091,58.744924333475375,51.47827660223365,19.805292196793214,5.469413230683154,12.444990207387796,12.163671072374974,29.42230640602352,4.538510660830172,61.419706202530136,18.780811600335998,2.2063807849769446,1.5336411511775945,Residential Burning
AQS-092,4.478360106773082,17.33409198147701,9.27398735145733,0.5697401559534955,3.5446734416167853,38.90512365642418,11.437903190188502,0.1418496430231057,70.46882103884914,11.348756322813948,6.013823103042619,0.8349407557329921,Clean Background
AQS-093,25.32244205727114,72.19176290084155,16.743436854299052,2.249963314490766,56.248632618777016,20.203723880408045,39.86333017155013,2.120928522343267,49.66110063576783,18.688421133948328,3.215381315441244,0.8486941969476846,Industrial Zone
AQS-094,38.793323744428086,61.82533172505833,25.373062432029442,4.786369792205555,5.544714002173996,21.182638589433274,25.18198421685399,3.4157274301347464,53.38216156087636,20.73397466755971,1.054500699663359,1.3150131962418894,Residential Burning
AQS-095,38.67977714351293,99.53936675962171,30.99845923520047,3.88778625383558,55.284968031443675,6.7489651821255325,46.520134641196904,1.0815740254344948,61.685471159647726,17.82354399154323,0.9018756481162524,0.9147676483538336,Industrial Zone
AQS-096,6.4946474215654035,19.464278779089057,7.511860777782474,0.40597514792407124,2.381668882463295,29.842437442329146,8.268904465646445,0.1,55.92527712379693,18.42680992097022,3.1894300878855204,0.7297534106467438,Clean Background
AQS-097,11.583776661541192,20.10079093377742,5.31106498625344,0.21839957257533843,3.7089455187651086,25.756308722052985,14.714050759193691,0.6598271957960301,68.80230208417629,11.135373106518331,3.9344211346186584,0.722325748523763,Clean Background
AQS-098,7.1075533973784495,10.402269358084157,12.344663201571134,0.48877625064784386,3.0339462790153036,33.13882923701222,3.716474171496351,0.8823545599259909,57.05034519631927,10.719233748422674,5.282767381932277,0.7534900630014222,Clean Background
AQS-099,50.491021107431436,47.991073228240715,14.083780952718591,3.768456329340681,6.544082493896395,19.434450857423638,38.869047170536966,3.530996910535257,60.8850685543782,15.843921922489823,2.667801061059906,1.6702645915471523,Residential Burning
AQS-100,32.931415026251344,55.14000494092092,62.29926566635084,3.173709959408499,6.510782451651512,23.910274588550518,42.72597482413043,4.643206137607335,69.17295831588127,13.521320421495425,2.9193249231332263,0.27350136371537775,Traffic Hotspot
AQS-101,42.4977368718096,61.91256605729808,28.429181107596897,5.047179522690735,9.027013503468865,33.381712407534444,27.934062101756876,3.653417393896914,54.788375424396996,10.980309327990831,1.8808245521861624,1.1947391166923327,Residential Burning
AQS-102,35.45319939917686,59.15560231172509,39.22381357827771,3.482906164521251,42.2906334800731,21.078634789056498,88.61666960054211,3.271881306477966,51.34127199260456,17.221147475643768,4.912615421612916,1.0604348109786743,Industrial Zone
AQS-103,21.923013277993455,38.09463674869312,43.648003786793495,1.9311493951016052,4.785939280090885,11.69500371857717,26.894241545341714,4.950529939094014,56.328819196831454,21.580772880110928,5.603415585238276,0.3835049177583288,Traffic Hotspot
AQS-104,27.567939270517996,48.13001891877907,69.87500866950184,1.7721192825454735,3.8152121515222617,28.875158356839144,38.184339330653934,5.59545044353267,42.74474829075261,17.89778371603422,4.584272818510518,0.5655463631985356,Traffic Hotspot
AQS-105,27.215448472947557,54.65702493679476,22.405607632765204,2.8606463946797973,45.89231138065924,8.388205128616988,63.299828615975606,2.6913974912889196,48.30446164433152,10.815276187451047,3.6401490385212663,0.7235758388288949,Industrial Zone
AQS-106,32.604608374917454,36.31321962380468,56.911573108989714,2.607168495008204,3.1202404273452897,24.539534497443032,53.039929885826886,3.9772332280036458,54.40707909212941,20.56337144506804,2.146584436826344,0.4023195329779042,Traffic Hotspot
AQS-107,19.526177791988253,42.96524345883801,83.93406668714714,2.6719317089728913,2.604244214822303,25.18789212766953,50.71555094994159,2.705135159835608,49.83064329012764,15.859059153757729,4.250654396007612,0.5568418401273081,Traffic Hotspot
AQS-108,42.47455928991419,58.14224941700971,41.553052085705104,3.206377728733342,35.94270094526139,21.006565019639073,81.75305331644778,1.5985860248721557,58.1941394453795,19.462883351254785,1.671502975219754,0.8199576434261295,Industrial Zone
AQS-109,8.939396420039467,17.820701480273307,10.07045300773463,0.8383798668827146,0.5,29.74435806324452,7.494738895267972,0.901777353538925,50.672150487322554,12.449649831696144,6.4395600512663,0.7553965746850586,Clean Background
AQS-110,7.5189197568655075,13.844372152124505,9.910884083265147,0.7992236429822258,1.4255167516350884,34.90110428357751,12.284717624876835,0.4606256765653145,39.81652239948919,12.796072785847002,1.101208890019031,0.7317375951711969,Clean Background
AQS-111,35.024368161227315,97.30513207157644,26.488142836714665,4.418909879542972,40.583177676107056,16.987069660859937,63.07592636142275,2.232944408195192,35.444582022532835,19.450512846402415,2.550887701856018,0.8152458194364841,Industrial Zone
AQS-112,6.085151820414517,17.3238765548899,10.8483734122967,0.31863699810049234,4.044251995738934,52.389800146810494,8.610790844168628,0.12534697099616182,48.668716452221936,10.083265608798335,5.826999679553655,0.6419208207157939,Clean Background
AQS-113,6.916068314098128,27.518193760523943,6.334716323706321,0.4287003525181602,2.4803602409896506,28.790770107577046,11.525238449059138,0.6628602690788383,64.7660076551118,20.179942339267825,4.492854348944725,0.834156749315938,Clean Background
AQS-114,5.504135247516647,28.425949583394456,9.342659176458435,0.8650864218190157,2.278749315732031,30.95396728317816,15.740349596888942,0.5857887892366692,50.42883381286729,18.409874573731802,5.331322838218632,0.8077150771651459,Clean Background
AQS-115,9.994781486905223,21.0356666823658,15.408810715468578,0.5752542107450327,3.693725436100281,36.22789389638301,9.620703074876511,1.0273487463740842,62.324070133401364,18.02625869965256,5.6026978255899955,0.8727084195514283,Clean Background
AQS-116,25.12495457292826,39.10485570374477,73.58924283351747,2.260951197190985,6.852355095063283,33.23492525083246,41.07801768892059,2.9899945400691506,45.19695601329106,15.497749193961882,0.7005942851264271,0.4673048096475415,Traffic Hotspot
AQS-117,16.074586512394642,32.851527753141355,80.81480378693057,3.108663300435249,6.502774246743578,36.75353214776759,48.1437006501813,3.7221027404983644,62.47708560017315,19.38601552692286,2.0964106827842293,0.20776875256380137,Traffic Hotspot
AQS-118,56.484992298929264,60.65875006151372,14.216230819580854,2.433636877494679,7.145373519890987,15.632216081127165,30.951784121443325,5.136255730302042,57.47564762646965,21.421771204421983,1.1807771272908965,1.193083146860006,Residential Burning
AQS-119,13.805462120180687,12.045503091662233,9.367384622510718,0.834343582943232,3.5824680081351743,34.679197688293044,9.13147570021519,0.7480680613002875,68.46006187114551,8.62097616734667,4.689707070387821,0.7045608664377533,Clean Background
AQS-120,36.51712703509399,80.36646993543232,11.85986009756519,4.723823910376255,5.760264960379283,25.20870692486039,29.382293585230784,5.032263192316645,71.08246191684968,12.508155638185197,1.0437649891206042,1.4338243004269078,Residential Burning
AQS-121,27.533856327414433,88.55455233759167,47.43243528272189,4.7997427667756485,44.41391587047407,16.94468512540598,49.87355212499699,2.2711966224959115,42.194936427181716,19.408878724730116,1.2424221410853837,0.746968637426101,Industrial Zone
AQS-122,27.553324505402998,48.81874139386323,80.79683712969992,2.7666713806620287,3.792029626568359,26.84511670460846,56.12448557996929,5.269553946103276,58.26885838994531,19.38595390359197,4.94957674318694,0.3650422957611643,Traffic Hotspot
AQS-123,29.885483995571644,42.33702270397228,74.61036040677199,1.9555217353740666,2.929515355161252,19.935309512660766,55.52270443423623,4.613262071305593,59.46713686433323,20.540687206727878,3.1423812029664147,0.3682398398697209,Traffic Hotspot
AQS-124,5.56279295318774,17.063698879288303,18.168304160574976,0.930723453698457,5.170958549087709,38.63841187246987,3.737407873577615,0.8195866507529537,42.50438282245633,18.05544140653369,3.035615172067229,0.5896648440982308,Clean Background
AQS-125,24.733703652848902,38.80575765766197,55.19585030121913,2.7885902752583864,4.77534390061834,34.635244649467914,25.778721911080545,3.227049113632564,59.910990680199035,24.943855212661,4.833431532301097,0.3157060345624215,Traffic Hotspot
AQS-126,37.39434064325194,88.59441127957098,36.68774256075024,4.364038452571719,39.10490814457749,9.254691003210416,38.725112167500555,2.2043117311650926,54.20619453704434,26.570691813023853,4.0334337012963255,0.9992507512477975,Industrial Zone
AQS-127,12.353004314394008,18.753987861368316,9.955631984205592,0.6315522878587538,5.460921845232431,49.364034298168505,5.639166372802281,0.1,51.139454178819136,18.780846138445934,4.65434094048596,0.6892463010898113,Clean Background
AQS-128,5.103005589430376,14.820150063945142,11.286714165506,0.8592126123562792,3.073962497280334,25.699321628406597,6.614561120452109,0.15478300052269944,53.20717217588012,12.643551468875492,3.4352046493730746,0.5944654697924995,Clean Background
AQS-129,43.31923749916861,84.86085092789,26.672991603380886,2.8985671599238527,33.86706035370178,17.77777921770953,58.49934879561466,2.8741545374123465,28.0,15.712571067839377,2.6847405788957244,0.8379238206318946,Industrial Zone
AQS-130,47.75205016106566,47.5656768539997,19.934370600334656,5.164388837011398,6.407087306564106,19.901132626075835,43.25403608175884,3.9021852507224284,69.43002130447375,16.757919284884323,0.9262978012119079,1.6278074244559784,Residential Burning
AQS-131,6.118059662146091,16.556863009200264,16.812690439672153,0.49434059066740416,4.845333263476181,39.450009300816404,11.919308141467333,0.4428806091685734,63.761898225026926,11.169724179939152,5.62497299100831,0.7911036368781313,Clean Background
AQS-132,15.0,83.08643910878939,30.782524916167166,2.69221543623205,38.13215436946392,26.241951270977747,67.06104935288542,2.0658609602127824,64.84180285979713,18.735708575891802,1.8836385919605225,0.9530764119066525,Industrial Zone
AQS-133,48.934789119139936,42.594812012963246,29.14968306800579,4.214056500554643,9.15896995343468,17.744873175269277,28.317934576542136,3.882940939916207,63.89334631442671,16.91598556983736,2.5431450320474225,1.3724600167182877,Residential Burning
AQS-134,47.49208957381482,85.10408753681367,35.01791899819466,4.524813089388091,64.79858321874258,13.4870615664565,77.77387191558617,2.4765897490520175,66.86735623527325,22.553567702433533,2.233347670765585,0.9119651825918977,Industrial Zone
AQS-135,39.79942983996963,73.48500570380915,44.62584103427182,3.076757858122964,73.07476370422336,29.029102060770736,74.53053639706562,2.4884381832973768,65.60524116240478,20.620762735435918,3.2181857257079347,0.8799291405423354,Industrial Zone
AQS-136,37.355957376906126,52.39356394493904,18.15310004863994,5.186822310429795,9.005174087252353,18.58957955163551,10.0,2.0106013073945332,63.14154247807253,12.87920348353015,0.7508054220465123,1.6711800848714617,Residential Burning
AQS-137,30.998457670283052,36.082334460267006,16.040154960177805,5.51024008993209,8.370643087866746,8.506291944580731,41.66284603676713,3.9965667199198283,81.55407113088296,18.885917295029373,3.8560325776138074,1.343566287374562,Residential Burning
AQS-138,44.61250531233856,69.84695386403112,25.742403602857046,4.969072704359954,6.645021571521132,18.40762544840623,45.72626878124002,2.7289051155558868,48.687241845390545,16.592357679193103,1.8674948717458941,1.8605944049003327,Residential Burning
AQS-139,47.345056484805504,61.7367586538991,12.54247943654385,5.007359577198419,6.9457572928588025,28.40773192892113,25.949884278037676,4.474421948498366,69.50603412862539,19.601594353580253,3.408950499893899,1.405505020644347,Residential Burning
AQS-140,7.855734478007682,21.40992404624971,19.231665002464442,0.6975120594173437,1.0008339037805254,60.0,8.090357175228798,0.1,82.4206965292788,12.688316892669157,6.049528606819054,0.6619057806498219,Clean Background
AQS-141,29.25318157002853,35.63049289121918,89.73675608861272,2.93445548908625,6.153113926111533,24.325112803678046,41.26133022242118,4.3999203944703416,64.0789650971654,18.1520139126728,4.3894704889246405,0.3827266774607381,Traffic Hotspot
AQS-142,33.201876784858534,73.01736060199943,46.77530081055262,3.5689151064370996,48.56080281841655,24.00627655540285,62.26389472122787,2.6143544758109654,57.183070536087286,23.704861608966368,0.8568111888458327,0.9807513689836922,Industrial Zone
AQS-143,2.0,19.02060444794259,15.810466981944717,0.6840383085789983,3.3363521168029378,26.670183553658838,16.553438929083764,0.6632005395609333,53.75387749565239,20.135267439414246,3.3185591394216383,0.7491710073192839,Clean Background
AQS-144,33.73176341578424,66.27557591174708,42.88748619704186,2.73733711339303,56.252152661538766,12.94052042810285,47.61254802703659,1.7644923267308612,54.55952448847526,15.117150296343365,1.4849058081721314,0.8904355937523213,Industrial Zone
AQS-145,49.83390509282596,49.23519142953079,19.2900854514734,3.0126775248611093,9.40780276942558,16.6100275366178,25.26376929134321,3.3895619597638484,64.43411511100105,11.212845414294755,1.7359039248268398,1.286756551091607,Residential Burning
AQS-146,53.17398815902461,55.64582314725851,40.34555163720982,3.292300784331413,6.526538758573686,21.782587469903685,38.20226449957249,2.8402703040284094,54.97782981073275,12.3349035977451,0.6538730447018513,1.3065967701744128,Residential Burning
AQS-147,33.853270762734155,40.4626383564251,66.60560964393535,2.453857806602558,2.234400538071328,39.968354491913466,37.43054376278933,3.9463938520255435,52.359213692632714,23.520365416589804,2.875168616491378,0.47888745401683497,Traffic Hotspot
AQS-148,39.237542034853846,87.65974954549115,28.27166847908233,2.9022306566817413,58.94664666498515,16.4427199344965,61.15074860659531,3.7924662588385853,55.42664889829188,18.362870247547583,3.284604287898024,0.8609096208272702,Industrial Zone
AQS-149,33.32541058278507,46.30627033519528,16.052969327332043,6.054486054275889,65.26714798869942,10.079864932675765,52.61131707292697,1.2976237372838773,49.674086334726354,19.69694285385816,4.589538721694773,0.9163631882624967,Industrial Zone
AQS-150,15.534669654753271,17.561891052332857,6.961187530078852,0.4219364303960256,4.126649181760965,45.08952950867837,2.56265291335977,0.27699626175869596,56.38442253669375,12.609329266980572,5.248088565935898,0.7661042486407076,Clean Background
AQS-151,37.47527689304435,47.65288230294757,72.89992026733648,2.304701681924493,5.733196492193697,24.099150207420053,35.450227825791444,3.5455765417576184,63.839281853259635,25.19074610739809,3.8127739050625697,0.3261207500604905,Traffic Hotspot
AQS-152,12.887499094702836,19.720928551575174,10.672239223867281,0.3785686366395096,4.153259513953345,36.84076336734855,7.66036938632892,0.5374595368378776,65.4859511986098,11.257614804950297,5.426155412682793,0.7768088898854959,Clean Background
AQS-153,57.33727709916499,62.647490047200904,19.143294125878455,2.969575974185779,10.461032037837368,19.845340702027812,27.670310396671514,3.7894338902053146,47.48171193248281,23.764869745854995,3.5626073100212547,1.1826549122248138,Residential Burning
AQS-154,34.87752120661604,89.93186283601342,44.21033695525353,3.353682847116128,46.84476108403931,27.839787176228356,60.20047483985497,0.9165601516993698,43.89786070030742,20.00211183542639,1.388542043062968,0.8905894453115234,Industrial Zone
AQS-155,25.21949384312523,55.910319470430466,61.77486715596009,2.306667762660141,4.874641805453656,30.318198855171303,50.46085192497629,4.359930900839928,66.20482181197364,23.597421746344008,3.0093175992366534,0.284992126477639,Traffic Hotspot
AQS-156,53.94109403047372,56.12545457859863,35.94760747217683,4.15219141228421,7.0116566409587255,13.57759401227599,24.53821339928542,4.159242892501822,45.32930296412847,11.585320685878523,0.2780931643126556,1.4925148061264428,Residential Burning
AQS-157,23.186336384670287,54.51391251305798,101.29342185959644,3.230525353477577,7.883137241315801,19.147792730066637,37.0394010027535,3.542162964052273,57.5228864385802,18.207783543229198,3.743298029036388,0.424624824508149,Traffic Hotspot
AQS-158,30.14267542907048,56.56398794323472,64.15746543724242,2.1252147448972782,6.08672038475987,40.23640255568491,25.204230332642986,3.700070592755771,71.29152530132431,19.908163308892487,4.5920022863445995,0.5794399613946233,Traffic Hotspot
AQS-159,8.968923510853005,11.070980956660867,11.987494362030388,0.8475307515023996,3.8064448544248197,49.69756750974109,8.810495683027574,0.42046872582568595,55.13720864244915,11.779312993028494,4.085802353460244,1.0066046391444525,Clean Background
AQS-160,11.718752019324684,20.665640361705346,12.61990233688676,0.7899189142728976,5.397807168144512,45.130429494958044,11.971945834057838,0.7774326455255565,63.07444374340893,12.734421635141107,2.767674885396282,0.47395710512589595,Clean Background
AQS-161,8.15498293055324,16.364370490077576,7.797792273166049,0.8003263650417121,3.888850910770996,35.0185953283842,12.07960855811501,0.4063283783893815,54.38644730191059,13.798136205117185,4.310703620122218,0.8139155791579822,Clean Background
AQS-162,48.50450092536139,54.48720795278733,27.53260327236198,5.280071060784175,9.866209970918145,19.482592292832763,27.4129723253968,3.8007587755204075,63.704827531365595,14.510723788248308,1.0773195915232323,1.9042899490845593,Residential Burning
AQS-163,38.40231354210914,49.22960351386277,32.24924067126706,4.514685042569725,7.2314607425138595,15.444455376472828,41.37336009889202,4.197639944631305,50.33214809384323,20.680794836786415,1.7761517260983952,1.64556310993724,Residential Burning
AQS-164,30.155075682105085,101.21554957348943,20.30083164289712,3.1589139230355654,48.16689419590698,15.42418665289644,66.041710809918,3.368629059951478,59.62501636251072,13.784964935935744,4.52360621922964,0.6195786143372866,Industrial Zone
AQS-165,4.767871769045725,11.87173158598929,13.293119662710822,0.30461501449361966,1.314758950140603,39.77246778899369,6.121025121461303,0.7150305094210933,71.45869643684145,11.48610479463176,6.166829235555314,0.671173770659475,Clean Background
AQS-166,31.079604598680135,36.57029702169377,69.16930286592549,2.8405110888460654,3.191366749791183,17.639369823491073,23.933389031517777,4.76963863597996,43.69224897881952,21.40088696845397,2.231655545136365,0.4057358244956811,Traffic Hotspot
AQS-167,11.222954038146684,15.2487850560087,6.45900525550311,0.7421098204595571,2.0551731714542845,22.87991863053646,11.678822433429064,0.7509756194248514,62.99886954409213,16.44065673578307,6.498422301148237,0.8642941497579686,Clean Background
AQS-168,22.09150881698607,124.83029605524712,30.52397413701331,3.437730242389758,25.848243837039018,19.167644731423458,74.86815843054002,2.4152413165566915,40.721162786693625,15.444667528876924,2.6517579922487404,0.8787911052153945,Industrial Zone
AQS-169,38.13443204322037,106.93222036835986,38.30811684554777,5.145996375769359,60.25579262306942,23.71724728321763,63.51983588087133,2.003321921399107,41.41750418526739,24.815537748675265,2.182284903243766,0.7846060580603356,Industrial Zone
AQS-170,36.41698246053969,56.68835105113773,20.391402585973644,4.6115523641537175,6.222932133043839,24.756581087513762,30.8826078558505,3.0939570274319013,75.48707126416564,13.058786157272191,2.8974862849843768,1.1914749305695473,Residential Burning
AQS-171,23.787681436735888,58.830512431752766,83.55582888583241,2.650621510912556,4.867840402705367,25.92326918909116,28.241267470226674,5.592754681197055,66.40643548988724,16.71345979513047,2.5986323560487863,0.3660032194643673,Traffic Hotspot
AQS-172,24.129281472369254,75.20169166589619,63.28220672251169,3.542689787184077,3.3380997671779244,29.791072194233053,30.216952745976872,4.007410040197042,60.43339449322692,16.517542671655576,4.053415558780308,0.35527068286379987,Traffic Hotspot
AQS-173,46.92580909479962,116.97004220821951,33.84551303197037,2.414734556301276,37.76200448627174,16.18092130299435,74.55575042211744,2.4123121568593353,54.3368343366253,18.78509588489334,3.0918141337413783,0.834790966716692,Industrial Zone
AQS-174,29.776721662387455,53.1503526720866,81.54734159812949,2.2210459236519373,3.2791732694320954,8.0,42.93317900880889,4.457278851652415,53.47693680750923,22.12113381612737,3.180362201073319,0.38225449258953026,Traffic Hotspot
AQS-175,41.07324128242117,67.50460610575911,13.3346338292694,4.223147872868957,30.93107778601797,7.016202618861259,66.01973831282554,2.9006755799555655,60.49964616641277,20.789262829622384,2.7307009057186833,0.9692597338299309,Industrial Zone
AQS-176,5.613328796177353,11.82838477254209,8.168606455270043,0.8181723341207396,2.8605836900796175,39.514626458338995,9.962845753728738,0.4627100251987154,52.993286174875195,17.761890744486053,5.875233090016098,0.745272100715717,Clean Background
AQS-177,29.566331633079336,53.13785950912209,67.65626540769162,3.2116308759990635,4.230888911540349,27.565641067857502,39.84836123694874,4.501011110988323,33.76120673371044,18.955156636106054,3.7524899544171477,0.3792704802684637,Traffic Hotspot
AQS-178,48.95537757565778,65.49224031844604,36.39580495380679,3.801260380984366,5.772547302384848,28.660144939406607,44.20306251805966,3.0411739761282055,65.72680524329341,19.11739601562133,1.1262690938255282,1.5388396654581342,Residential Burning
AQS-179,30.169816150285804,45.35343166762044,75.93388614829045,2.731276092848429,5.097043255889654,31.848073853893705,32.60240319690639,5.085890158628926,57.54413983644502,20.174400618377728,3.794754341665286,0.39536392931920256,Traffic Hotspot
AQS-180,19.45151088271926,52.73592430635182,84.1205727183817,2.7040368820219434,5.427959821468444,26.247195769529085,42.89374561227918,3.050926281761722,70.78451862607298,15.243248727641728,2.0569950872695166,0.5863767470123455,Traffic Hotspot
AQS-181,16.241979256721347,34.795433869157236,62.09262748133707,2.8075554404690766,5.622500309087072,21.201245044281666,25.48886423614697,3.7691262405028705,59.86609123156358,18.480125306873045,1.9723921848630077,0.31840214151530866,Traffic Hotspot
AQS-182,30.387916794186246,74.99180915184459,31.17319314157301,1.6096540515665292,61.3845082736333,21.067215597149882,53.42587675503387,1.0591538126778088,56.217378490498994,17.5293924182626,1.2398352348274198,0.7588828070719219,Industrial Zone
AQS-183,33.29245703255834,86.20597989746894,26.357524013426115,3.7348463457333034,44.332611618928034,17.883482364673604,84.57108879557595,2.150891287578745,59.87080931835713,17.367534043698974,3.17286123596682,0.9682333062323409,Industrial Zone
AQS-184,51.107097980212984,75.58769099988749,23.220174132434387,2.9851601341460303,15.927965447831568,17.039203226600158,57.68752002139962,1.7754141593099049,57.71629323227463,20.163676701582883,4.524309623286852,0.8124291920838388,Industrial Zone
AQS-185,34.021197387352146,62.53534077157317,80.23644089078407,3.6123234244992473,3.2720184606403677,33.806132991189536,41.47581705361671,3.301481363335088,51.080919301187556,22.690916077037457,3.76390912005236,0.41146542715154977,Traffic Hotspot
AQS-186,36.02489805308358,62.68238093349744,22.177718943796872,3.4799652920421185,10.270366039960946,18.807154207680682,26.534803694584227,2.4828166477934683,45.48898135961375,19.571815480435077,1.4978128751323956,1.6223272248995888,Residential Burning
AQS-187,9.304310193670673,25.488835083729885,13.17270275287471,0.9217561711468747,2.1290275461690733,30.066426692477517,9.298486176405238,0.3662721781869898,70.39663864431189,14.143729209088555,4.567036727813396,0.7102899194804774,Clean Background
AQS-188,50.87655425873836,38.22084053496858,12.742794302795009,5.34738753715085,12.690240076496325,18.153218077831255,41.31434295176315,3.075987813363909,46.30183660467836,17.804901277274034,1.9997490619105802,1.8593724391439115,Residential Burning
AQS-189,7.8169880844338495,14.579224510356013,14.2790858199354,0.6759535272081791,3.642279371715864,41.58908611611622,9.014466389941807,0.3100236327044054,47.673287102603474,19.307392578630722,5.087105442091593,0.8621107974235407,Clean Background
AQS-190,46.62060893251896,42.898055983599164,28.017115208858613,3.636890441253409,8.948467871548335,19.536550775284436,25.502428414635325,2.6359583342484827,68.09998983165555,21.32229961615616,3.202735862743199,1.3372105023883514,Residential Burning
AQS-191,32.303312231055685,94.70112230546226,52.06092888159123,3.471486814162013,38.45518307833164,8.302136349380472,49.523308844185976,2.2039911760942976,47.33777856293337,16.72296856111401,1.926398227103099,0.9065878229652049,Industrial Zone
AQS-192,30.630044413980137,73.52355972869616,47.13449743242131,3.9953234088041585,56.60590224990596,17.17530891223385,45.98783309751073,1.8697729984734088,51.68174488901128,22.463084599084567,2.124803619676063,0.8814273067836434,Industrial Zone
AQS-193,5.72970806895222,20.361576900142254,8.693215147254543,0.716514263761761,2.9531947665913743,31.781028121232747,13.3790975031268,0.25389231559804243,64.23153054747696,18.35739645692641,4.160138353265721,0.6030232108892589,Clean Background
AQS-194,33.49241270621245,39.16142563798867,89.88730854103795,3.7306911853135136,1.7449151242336747,34.58536467169532,39.86766764477078,3.4508799842061944,51.2360769794073,11.773672405360996,2.217512606461691,0.4535261186390215,Traffic Hotspot
AQS-195,7.406186813045954,14.304388603649807,2.0,0.3208421595615029,3.4666649867147927,35.09506671075547,19.396303146803028,0.28347318954699147,60.847757674478025,13.330278472042272,3.6993730982669937,0.6250941849966521,Clean Background
AQS-196,12.492295049538878,13.51533987441011,7.656289306728979,0.5096101256176244,2.4042070257810186,43.06928819819247,11.583195394838988,0.4729204254815469,55.31654805153198,13.04917850820502,2.6460751839878895,0.7822645416528147,Clean Background
AQS-197,14.203719014490655,17.850305576344777,10.713906655541559,0.7182698483516801,0.5,21.94034511403992,7.135826254896639,0.6378803208702204,58.15057111589919,16.376215686253865,3.6204373210514893,0.7240809715473776,Clean Background
AQS-198,12.129489350058613,16.746817411355945,10.903046092447017,0.4521257185081927,3.3643230197254126,47.87801531235836,10.44214126989576,0.4772074577712836,52.994096474639385,17.96983565437048,5.264789619627687,0.6558291994986812,Clean Background
AQS-199,6.254653899823838,18.107730417682806,6.019406072586483,0.5268988126029468,2.087660238832861,34.43245028911072,8.084965713913245,0.9619824464591745,60.74825571616836,14.288328496782407,4.9275033464473,0.7549136837207382,Clean Background
AQS-200,9.488597562089948,26.24906047892963,11.124037001127226,0.5910213939754926,4.331255951121089,25.07290570071622,10.344443473035911,0.8278544662458323,51.07878799651433,11.619384166295365,5.1549440562388265,0.7999523606452228,Clean Background
AQS-201,36.0922826486619,78.26438750512554,23.7311964596014,4.323968654064929,52.16906012580506,22.028040458702794,72.91524745177075,1.976986929080944,58.06564190999952,15.991250176874109,1.1368259954071895,0.8834152417488025,Industrial Zone
AQS-202,33.91734278359074,44.19971278711722,32.1054240242817,4.252220461327556,7.596509646794802,15.513111838068824,31.93856854910659,3.3090119270889633,69.19609972024118,13.529433292265214,2.2704187848813664,1.4348668791348338,Residential Burning
AQS-203,47.01782736167545,35.4274647621547,21.648567680707785,3.715042329426536,3.3541451034087597,17.907675885399602,47.88548399307727,4.968671209180198,72.76027913843475,18.884541450182326,3.445757314910308,1.2378789867206796,Residential Burning
AQS-204,32.01939372685587,54.12185046567278,28.777292623730027,4.757740301369523,11.272941275557901,40.851235647863476,26.181872999417607,2.7256534902984484,73.55555659020712,17.701779456736688,1.2496595387708809,1.5639520714397293,Residential Burning
AQS-205,43.60018225852788,42.56816760838021,19.90226346395249,4.434398037000201,7.469677510652653,7.390810869785518,17.685164650504706,3.6820959167805216,51.82868080053415,19.525630115694284,3.1607420386233693,1.4604516980994966,Residential Burning
AQS-206,36.363329779003905,87.14104361321323,37.92526949201183,2.851798050388495,55.67854273354855,28.263680235491552,48.17948661988343,2.2636157455766717,56.884627445494424,20.774359645470177,1.03247473424756,0.8552974299254004,Industrial Zone
AQS-207,20.030883706609416,53.21941565616898,78.2134719940472,2.858605659129299,11.157761616910475,34.64268653235396,47.24027019206901,5.330180513016169,53.535663854494715,20.454071890921668,3.797400069849858,0.39870287294325985,Traffic Hotspot
AQS-208,25.205621478578458,38.906125452052606,75.03042025414764,2.946212326895147,6.910284641002477,44.60320638916351,17.266097675918505,2.998190077160909,63.07274031107298,21.698534731651076,3.417432873179723,0.4047856568181622,Traffic Hotspot
AQS-209,9.42629204757987,11.260536413655068,9.51177147151489,0.7656459380369245,2.0829221289170574,32.93695780092166,11.966022588987135,0.6609707863758093,48.42482460158065,16.51762159042044,4.1284203432143265,0.4,Clean Background
AQS-210,36.47744244691927,89.66904780918946,35.67365506816178,3.1770812294064026,40.91360061235007,13.488184009567085,81.53957335105939,3.599550474536654,80.0,17.947145734113658,1.838017822203391,0.7714174871114814,Industrial Zone
AQS-211,44.30070759191402,38.52946232506703,25.84218684722155,4.018657619447234,9.499592371221114,34.17195946297332,23.42139351856074,2.341552788274175,61.991402528591735,22.66889644620455,3.6688376396296913,1.8483106604409467,Residential Burning
AQS-212,34.43600977552727,99.34267478393394,49.269638512334055,1.5606077917816465,41.04430330505142,22.43286288532502,52.08230526325352,1.5125209024960622,58.253469140552056,17.90364640826163,2.4807396202656053,0.9519757942148181,Industrial Zone
AQS-213,28.972657037230533,86.00284802796253,44.26933223884308,4.182218940097775,30.305648343952303,26.042702676138866,56.248599968635816,2.458885021129211,46.10036577241543,22.412749724329373,3.0885532697707196,0.8718477326898354,Industrial Zone
AQS-214,9.273181813583038,19.820148907864297,9.362551071416373,0.5074120975949483,2.6407471169673755,40.37795418704099,11.227924290744951,0.6557065741256216,52.357999285767555,16.062467972690133,1.0949922703231452,0.6613828703867568,Clean Background
AQS-215,3.207202491213703,14.86261870023296,10.157788192962958,0.36319388835548805,3.258381579616556,32.48891565939675,10.974120816745378,0.33366914653843777,64.2327083592026,19.21556620918353,3.2041890626622154,0.6637042974947509,Clean Background
AQS-216,33.84729955422708,105.02400573519876,14.39191188019224,3.9127513741632796,53.82875994815836,22.84834678968687,69.12215032521908,2.8392488355712717,50.18472059615786,19.962798715445544,3.614321694668872,0.9155613348785661,Industrial Zone
AQS-217,7.660615842452779,15.28926731529727,2.0,0.6286097539757904,5.465067233706801,36.39717937764669,11.297834417410069,1.1098307949026127,58.594012930901386,16.642200341310467,4.795300338379691,0.8435295721146391,Clean Background
AQS-218,24.926420424070532,52.455254025371225,26.5579536927656,3.090729016708342,9.364222736423404,15.793233544015798,24.866837702276875,3.5165614677050945,66.58053489920133,14.48796840392713,2.142200085014425,1.4763855933543915,Residential Burning
AQS-219,4.189816733863903,19.01547342474417,10.031520738778912,0.9229557581419703,2.8813989872031653,40.46141322720891,3.747862773714986,0.4038304835023271,74.67651511187974,18.16743724155227,5.487339337000803,1.05,Clean Background
AQS-220,28.739523139179617,69.43912795985241,28.978011414260656,2.7916775057741505,7.275507662387664,17.325543104717795,22.38315620280838,3.9977360772671227,59.98597853114363,16.537185988991173,1.228369764071847,1.028870611631935,Residential Burning
AQS-221,9.040129932814759,17.86674279855699,6.871986029955853,0.2312412833038508,0.5,48.808583139305114,13.191375119583066,0.9660848689253151,64.26684248494597,7.715655722822015,4.554676657370278,0.8006333529377396,Clean Background
AQS-222,46.769362619948865,88.1791736213678,27.339634981317577,3.3556160691274997,43.516554954556945,13.54517648581171,76.00815245260169,4.615474677613628,61.95369810318098,24.156447149681075,1.664857098369977,0.7547606555586881,Industrial Zone
AQS-223,36.739651573324196,60.27649366294233,19.840620480809264,3.6131200002662456,9.674418543555518,13.825543141124456,28.2854720460197,3.701794763861714,58.97179344216038,20.234914119535517,2.98400045817532,1.7677253856087192,Residential Burning
AQS-224,15.0,115.01172833892579,38.963874474567156,3.64115324422178,30.00837321246107,23.85118577869458,46.734412915800156,1.2432990783452005,60.70114944217597,10.244731366894284,0.8990960215234844,1.0219603004513638,Industrial Zone
AQS-225,44.572572013315934,85.19438313154755,28.27793223928947,3.113805182254374,27.851522506082368,16.52362507122031,64.2379894879636,4.159266135799979,29.276623996554573,17.797852602033664,4.080540686568374,1.0417212574968624,Industrial Zone
AQS-226,56.223698616985075,64.42299201668503,8.562287906616406,4.142827882846181,9.837406382040808,23.2699863407978,33.44690086266836,5.670509008020579,66.4358793650516,23.31848080686435,1.769568900862339,1.4778120797306835,Residential Burning
AQS-227,39.48461113955504,40.90920226878035,21.682121474474332,4.017317426343909,3.393283630378683,12.927183350250738,42.49504000387603,3.584035136848986,77.18970789793663,19.574790757556443,1.8306664144550584,1.4656286125939295,Residential Burning
AQS-228,13.761102506432785,22.09097355877128,5.130869231118083,0.8018943577191937,0.5,46.56292128183944,7.640430728977568,0.5252784466040877,70.4310533232324,18.235677077570877,6.265241628980524,0.7062430997392328,Clean Background
AQS-229,31.886131228604157,48.60230209941027,81.60764266524319,2.8454827349162355,1.0,37.342256493278455,37.672467297840015,4.769166965149969,53.10560557481778,17.01129046991761,5.288374704780727,0.3225274187544642,Traffic Hotspot
AQS-230,33.695555934434346,50.99874436251567,13.204451740045206,4.963587793984757,9.001579899705604,21.779925807376564,34.57441775707131,2.643273385979988,56.36117039410234,9.859839009870562,1.0343826817142276,1.8445084353579615,Residential Burning
AQS-231,19.19626746916903,64.37768840574971,41.325908318730896,3.2749379543054293,47.13968516649178,24.515892697050194,39.822096797923145,2.7241289270556854,53.074968175062985,24.484122669297886,3.04711911517521,0.9272406277880377,Industrial Zone
AQS-232,41.94403981170954,33.62670996933133,28.452610513840767,4.568786516363548,13.887761571592385,21.633168845957712,30.825772360035355,1.8172324702741214,63.60602799336766,17.135004094646003,2.883101874653006,1.0947976491903195,Residential Burning
AQS-233,38.12900297525599,51.25370779600827,26.2479541525097,4.828112945285125,12.024427746592643,21.565971934437776,31.932418648534735,3.904296849156531,78.1830232485267,20.998475621186667,1.528582678568555,1.7269064095187812,Residential Burning
AQS-234,21.094038535466183,40.16746707663763,65.35076564374661,2.788892118404566,6.22833340008685,29.884916464868528,35.59674601841865,4.164400361529011,44.40143859020081,15.394327985542207,3.5026354652390332,0.5142160651261153,Traffic Hotspot
AQS-235,47.24600665874958,101.90749455328304,26.481418541075534,4.135411743697462,48.95559807856291,16.659204105768886,55.237145276431846,2.9370273984029596,59.122680667370346,23.30039305867054,2.938475738809727,0.7549592266030283,Industrial Zone
AQS-236,12.399622577835808,5.567611708144577,15.214031727739037,0.6486009444108799,2.177699552749841,33.280841948296874,2.0,0.9383726979760707,53.55675962816929,13.786599730091464,4.458539251255244,0.8737127492000073,Clean Background
AQS-237,48.659242520544616,64.21193760212203,21.1218201799797,4.73891495060572,9.102947878974264,34.82789930435441,36.169569649111835,2.9747606062885956,68.88978729352183,18.942487988982986,1.7108297866448114,1.3399769434126922,Residential Burning
AQS-238,6.405636345922355,14.199803656215087,14.007299414727749,0.6603400017803471,0.5,25.998225108424514,8.974637286510031,0.5940379093895065,44.18841585534366,10.839225120736408,4.201660975479987,0.5676001683127349,Clean Background
AQS-239,8.673018970334248,21.958537485535324,10.724250971084329,0.6858681645603468,2.2675892363226833,34.361642260978456,11.106326022364195,0.1,66.80744579767983,12.849416968880734,3.4725961912059002,0.5885675377388634,Clean Background
AQS-240,8.992553913846733,18.04026423418378,11.288329243067942,0.3219556149693074,5.0438442790686775,29.2110365985775,10.974628894810857,0.6133076392546821,75.69701107654186,15.672061362130114,5.4767770322372895,0.8524720256042289,Clean Background
AQS-241,10.712052664283943,15.58141020075394,15.213112149264255,0.6759279296771931,3.9499902391068575,29.681547751784926,10.0342243232974,0.5047948523272395,76.96710407445981,17.62161531940095,4.542679288839592,0.4,Clean Background
AQS-242,32.580242508094976,82.83466101953863,44.083662305931426,4.431791483565737,57.811170427295515,11.593182470524841,51.93185353060612,3.7789177364037734,63.37031754547429,23.49755672285091,4.049020151495188,0.8733867385374178,Industrial Zone
AQS-243,12.281529375461535,45.76537214674149,76.99821680351066,2.529960717112454,3.8464573388633347,40.74549301311518,48.29155637325644,4.349806987391751,57.178488216074314,16.550236234387473,2.446035411133324,0.31712084315936406,Traffic Hotspot
AQS-244,13.136120852053677,6.108873753125948,2.0,0.7957779117113558,6.276145100070684,30.392714162502145,8.063304195005053,0.9478143129901566,65.24340210014869,8.665646440849681,6.230334006962268,0.7231445703328843,Clean Background
AQS-245,26.24983750124034,35.69135683566045,77.66974395345338,2.303661433868606,3.8483635187106398,37.15003234565543,42.4426331148604,4.226780525546171,79.6325472330546,19.696663785607665,3.5287624103034805,0.510271729850283,Traffic Hotspot
AQS-246,24.890378690358116,35.542612212880115,80.54518371606851,3.5666060931391055,6.141197337186319,24.58495144042064,38.26091050210834,5.270114877996797,65.09003757588512,12.868031103245722,1.6294993963768232,0.44707926195613135,Traffic Hotspot
AQS-247,4.801295204302325,15.241427832113855,5.936484692040087,0.4526459728104756,2.8678631339563903,51.24966601645836,9.687077363765928,0.4317717279060419,68.62051834758473,15.056597059863034,4.801579977885723,0.6995690103844913,Clean Background
AQS-248,29.047466876991034,45.63181393259991,83.0832777154811,1.971939125071065,4.593909227914015,27.806999303119973,55.7080063563551,4.401409156475009,66.77362290575671,10.00719726187157,2.537099082449052,0.3555820236516266,Traffic Hotspot
AQS-249,35.39678860526553,32.72107479113585,22.38453877699894,4.558134344952128,10.56192792965667,20.88668352719964,26.467760045452145,3.314049848273558,62.32358909101207,19.75166215004262,3.4370886583415707,1.5085430964283706,Residential Burning
AQS-250,12.590585596590053,11.133105809864826,7.901731944931797,0.5234365620774062,4.440457194422206,42.13557212598697,11.553502916920673,0.3491813543699926,56.74369066014616,13.155321071861524,5.725818471338236,0.781218896269822,Clean Background
AQS-251,44.52517019829073,62.89422598789788,31.96625542589048,3.549343879878377,34.70613615486681,24.971269815649144,52.89996386847156,2.7957137537584753,62.34872166859311,19.587112988270015,2.7439531979085,0.8618775826781897,Industrial Zone
AQS-252,50.90383163519786,54.7036950644913,19.07843230476441,5.729961637118743,13.961183335098323,20.296312144374873,37.884421132768146,3.5530857994306375,65.41325632270619,10.878177715990134,3.119675716116635,1.9044869440893764,Residential Burning
AQS-253,32.07742758950313,63.87183036451968,29.735211080984733,3.232179734314767,35.576061768552925,19.279179769426136,80.34432244567452,2.023470964765206,64.72251888998656,22.963297381680505,2.6897061676103955,0.7712754061137197,Industrial Zone
AQS-254,7.0934582390521355,21.34189666847008,14.260687862857546,0.4012274650330293,5.783254972191394,44.89778809509582,12.475545192092614,0.9226030205870692,65.07403569719689,16.29274192983282,4.7513641003773275,0.7100741971324208,Clean Background
AQS-255,19.128868057795437,50.93072473298681,68.46404588049576,4.0919094745069335,3.487298509431393,36.30031955406319,22.433708264760963,5.128660085521772,69.95046628924842,16.067254150802505,3.0269281757161304,0.4782135193978634,Traffic Hotspot
AQS-256,8.369234604968543,18.952110306257318,5.0862246749369495,0.5675752049040282,2.5195532931950373,48.85266708662385,8.0729361156261,0.8701599231994774,59.27455278638191,14.77043718799383,3.370772759200345,0.6896684093884577,Clean Background
AQS-257,36.13744017142494,56.27183249036024,44.67077080668497,2.518494608737177,4.0257492324706075,29.03376945580182,36.16016663647321,4.410793259282869,47.29915233673847,15.313506528247794,5.639752406339273,0.3913373530911924,Traffic Hotspot
AQS-258,24.98945773849278,51.85317379728837,73.64258336632295,2.350908078066068,1.390235798670962,14.761146625073845,30.742561868465344,3.6863283356254715,72.40117215449473,16.02497366735475,4.140771187988216,0.3720888277447086,Traffic Hotspot
AQS-259,26.821262533191906,51.717374189509144,25.888588524395736,4.377563039068086,9.688642580523064,32.940221379557386,21.996832545945082,3.9081578412990208,47.68798696555075,11.716590325262246,3.2718711825445475,1.5544501272035556,Residential Burning
AQS-260,24.222989683762428,75.82293332505994,41.13584626233249,2.7359019365205177,45.98376396682818,16.08567638600029,54.12964762790377,0.8,56.708991606145204,19.085600338639924,2.925887206193036,0.9479373282956504,Industrial Zone
AQS-261,27.921578287784794,78.3828883812491,20.803825667109887,3.29811719829897,38.89314031555107,21.308912256242806,67.98072106620359,4.066677963376475,63.2508416515187,25.80987013788298,2.9663583744463344,0.9721650111924459,Industrial Zone
AQS-262,29.451773629396204,62.02794310936099,72.63800575865339,2.9469799426652337,3.0285479073289125,34.96899762745354,34.573124059196516,4.542178065905367,68.66674689589154,18.238521479680696,4.070067730688755,0.4307021504745679,Traffic Hotspot
AQS-263,20.67493810017387,55.8182287177731,65.22072297987248,2.559267716868498,4.501927920887243,29.98576469040269,34.904535606860094,3.921745088878225,60.790215257703395,19.74529467869613,4.164087168288358,0.2820847786590195,Traffic Hotspot
AQS-264,24.39616786048717,56.135172173696695,96.71635936393535,2.9936311362028536,3.938997704778945,16.171310033761266,45.10959968203491,4.225486538517416,64.45484181141076,16.71861076722272,3.135861653407008,0.42551864633482206,Traffic Hotspot
AQS-265,40.423406970714154,75.50779228829207,31.724850949493636,3.5906163284302117,46.20756119128271,9.562095217968997,60.11967761941233,2.7464404316032818,52.71919156319594,21.505638104390066,2.3099609649985053,0.923673855173351,Industrial Zone
AQS-266,39.331701825638305,93.48852279047541,24.83177679397195,3.8492478433261343,37.298902211474136,14.075545901235458,75.34391287478543,3.010440881152606,66.26696045769572,20.35463036384575,2.520886488295962,0.6829896182288164,Industrial Zone
AQS-267,9.50072140830971,21.97381430938469,5.201209886538767,0.4063908482979509,2.5800100471882805,45.69589751257473,13.945506023623748,0.5795629724496141,63.45836470215384,6.321290329097192,5.32362426601744,0.8067392273982614,Clean Background
AQS-268,26.77640813782109,57.786987432167884,15.52202761758289,4.7375053964280465,10.686066292287798,14.283954951145038,25.239200627423862,3.4159518269900464,60.40909689781008,12.381542500024935,0.5648860017056876,1.4813387456493048,Residential Burning
AQS-269,59.95211355912322,70.45518302095064,25.83085358164577,3.1760828966176655,12.597103174034348,17.551095110169175,33.226082563886585,4.6932169827879715,62.16861103256233,11.287836530494477,2.3595791302658453,1.3693848021869939,Residential Burning
AQS-270,19.21891031120729,38.62174960084877,72.29405378285863,3.621178934519409,5.094797342632828,25.818211442018637,64.32382064837391,3.8510685960576145,39.10459269054469,19.72016658876428,3.640474737960399,0.308122561456717,Traffic Hotspot
AQS-271,25.6895063175021,55.87084603742452,51.89792988348785,2.4403644127335866,7.959888277780052,20.622677406578998,37.032868881296075,5.468412696167022,76.8115706944059,16.16446294852424,1.0466098863962854,0.3860804313129929,Traffic Hotspot
AQS-272,39.060330523358175,58.7752711107232,25.31542453768018,4.466917990626686,11.692623539464204,10.072898892212967,37.822391332472066,1.2605053819283092,64.1076584577855,14.328361816936438,2.7310172971084685,1.5433090622900254,Residential Burning
AQS-273,5.2263076568657,17.680724815131143,11.696267446073804,0.5204640612770792,1.2309463175510742,37.821597730255576,7.940869300341032,0.5724881927564622,55.275144039936634,9.422019724562954,3.948411873272404,0.735157703937984,Clean Background
AQS-274,9.534498726085584,19.910650007657296,14.050549638576287,0.4659769599091534,3.0901289919227453,45.45947896763734,13.960664955837156,0.5820521569410289,71.94447375508908,14.864299096288365,4.4902641580659,0.7892836230127993,Clean Background
AQS-275,35.25603319252613,56.47410488336668,39.660802783846904,3.5542844084219225,40.408395043409115,19.915047062515082,46.726469976987225,3.4008402006177345,54.51591298329551,18.68552609700406,2.070755579701338,0.8295820168992328,Industrial Zone
AQS-276,29.028209687139825,51.46448209496975,71.1666450151348,3.0987989747472695,3.0889191187991485,24.178740425879067,48.49009225836889,3.8042420475532426,47.7348470058894,11.325663704489642,4.575706813311619,0.44668231692871396,Traffic Hotspot
AQS-277,11.541922737356433,16.17013705536116,13.98232605600812,0.5594951545870339,3.568729678089186,32.095543330708864,10.051314574174741,0.5603590233295358,63.57127918990941,16.581683941552154,4.240847375579722,0.6469979082384795,Clean Background
AQS-278,46.18398220888684,40.937682242496244,20.04725948767734,3.653969734711233,11.245300183018486,26.0118946926884,11.242983544512704,3.7319772861284757,75.41724664058852,18.850848115445324,3.3411144217665623,1.5511178483671748,Residential Burning
AQS-279,20.466570801287556,45.96430275338388,38.987015404418656,3.2193302663918506,2.0,23.517428946338402,32.91651325399405,4.1431488115729564,69.32262950634156,15.308793050414142,1.2282356593994281,1.5890804949100596,Residential Burning
AQS-280,2.0,12.828570761552985,12.085119620055258,0.6987309695286301,5.835661027733674,32.36217251511293,7.9631465496034615,0.4709072040136073,72.71929865211797,19.231256723283185,6.571471854762759,0.7140143815046258,Clean Background
AQS-281,26.595079751659984,46.076390352188774,65.39295387894794,3.3850718400506503,2.3910609989902936,30.700821296601617,30.871542173228356,4.759628965995477,64.81891489626311,13.993519960420338,4.308182816737517,0.35640402573663776,Traffic Hotspot
AQS-282,37.211625439915956,55.530689548161924,12.356677494720339,3.8665427112689743,8.723965804750343,17.87793221282913,30.76688504670511,4.543166658460308,57.92374105177974,17.765228606796985,1.7724922803147924,1.4276982345714113,Residential Burning
AQS-283,4.6652592514593465,16.8024481198674,12.65881098133244,0.2934598880220138,5.88516869223743,36.942645154845025,6.572592539488802,0.6463480996785753,63.024846421582076,14.124534993057496,2.559943950062383,0.6401493242244647,Clean Background
AQS-284,19.507775547697513,53.70890510693167,73.35794350989805,2.0900448924005346,6.671384224130284,42.79164875956276,32.24362173762226,4.0407474952553555,65.85800158650832,17.713594962343745,3.3252245026479073,0.3779978433003885,Traffic Hotspot
AQS-285,50.38940500469612,58.61771530287428,22.601251044053313,3.539243581099354,9.876524050493106,25.374467091347704,28.41992449050706,2.1325885320708418,63.05730868021481,9.373507169288905,1.9568761207954086,1.6181468964259098,Residential Burning
AQS-286,13.573107030613198,15.087155128102294,11.316427114840518,0.4421322988560651,1.3465953893162168,32.414402603111604,11.05420324781914,0.19031477874295516,61.38924328647624,19.297332019080976,3.8528339826440754,0.7794966025233084,Clean Background
AQS-287,44.502002062516944,48.74013867608736,17.714342858445747,3.129300006818675,11.071128638320944,14.971617822105928,32.96557862015708,5.198918891606171,75.70610559979187,21.115463253253573,1.179397853087778,1.4302309597521388,Residential Burning
AQS-288,31.09670873483438,55.962631746791416,49.72251596669744,2.3493776173461063,47.87024556177196,17.50136656422783,73.35131582423695,2.186681146062567,55.3285232554983,16.39179378256996,2.1425545771895727,0.9204294754961697,Industrial Zone
AQS-289,28.030680739854766,53.150476863060476,76.53832893483819,3.4350546921097527,7.012585618428881,26.152523758330577,29.416422198187867,4.7926898454055475,42.16097176514277,16.963831416717188,3.4239141340646615,0.46687164526652625,Traffic Hotspot
AQS-290,73.09918556005361,68.08553262148418,16.222126290147315,4.033927178109735,11.13526542225426,9.566275665734837,36.75521250769589,2.298066587810098,68.61417317273103,13.292019446165874,2.8490967718985067,0.9435507829560629,Residential Burning
AQS-291,26.886046140017097,39.841897150345616,81.26982944329465,3.0951515029039034,8.818833280940261,27.555322632716358,20.898316073433744,3.373213248164222,66.72457328280144,19.583214133749635,5.4909425725907415,0.42873104967257414,Traffic Hotspot
AQS-292,34.34273335731349,52.73832920911788,51.97802070855114,2.910005203443011,2.83690399277121,20.16989027374154,55.54794181984364,5.000667716061093,61.772118750645205,12.14250047916072,1.7599491174057058,0.4135215207492836,Traffic Hotspot
AQS-293,27.919016651572395,31.925167654387725,101.71018675817686,2.7347439109258853,1.9696178756028955,33.06225492885028,27.189366724001026,4.286508699246885,60.49383683710755,17.902581630956067,4.813711269058647,0.3334655268841085,Traffic Hotspot
AQS-294,43.43388467342251,54.872854006424525,22.023628546180127,5.001222750752858,5.725153793337229,20.386327623738243,27.871002415029487,3.683950128442679,66.0940847183297,13.151116945403796,0.2970127244681502,1.3747398550150007,Residential Burning
AQS-295,59.388996637975794,29.845745653142874,21.90313577734034,5.313694321215726,4.9499506142705085,26.165206260848954,31.271314260787168,4.864754649728216,46.82020774612845,14.361253629482011,3.134825076118429,1.1346007035618004,Residential Burning
AQS-296,10.06119738757675,16.03589233453971,6.098535890887,0.7900031657339291,3.8297237345688138,42.763927181114056,11.97625567590208,0.2617511703140884,65.50370216386338,15.866732475857145,2.8287174333996044,0.5403290825785626,Clean Background
AQS-297,30.254188110074033,44.77938483794324,62.853390743968035,2.6268048166479168,6.51501542009461,34.16692155109573,34.251791924504026,4.813350627635362,65.46253566027221,16.064456663782714,2.4457241499806424,0.33571294066336044,Traffic Hotspot
AQS-298,8.135668126999947,15.104533574919218,3.447883770255933,0.8072175302092512,2.104538569918389,41.68217299985843,8.92541698676103,0.19242779542275767,55.331512830484364,12.642671074290552,6.462079673433023,0.7691563342420792,Clean Background
AQS-299,46.39501230620226,64.56781247945739,23.226479932359585,4.834055885842251,13.86247230125086,20.047816240944705,23.530508511521425,4.580235574764947,60.16438516153463,11.799437041591418,2.1569051672191257,1.3285291133575576,Residential Burning
AQS-300,52.59936384046622,41.00569701422509,10.898116814334292,3.383019437867772,13.26642709494647,18.162118435524462,40.85395064892134,2.265493672492581,73.41983695452127,18.412990002285575,1.5844829025390987,1.354470883479199,Residential Burning
AQS-301,37.86534838876724,35.936730403321015,23.964454831430956,4.2858097794971775,7.814707400419613,24.04534909828461,34.89131440803084,3.710622008917833,74.75312458477978,16.318391449504144,2.4047724427646924,1.6807180686633851,Residential Burning
AQS-302,24.02479085654915,82.33355723079423,35.23167714184781,4.206487821717728,52.45556756948693,14.264103829593289,45.28908435540928,2.127751634575957,42.77029180255242,22.488828576173606,2.180152476745156,0.7348824309948441,Industrial Zone
AQS-303,8.69836022882049,21.147287407991787,9.398718158912512,0.7385715168474873,1.7047595925525991,47.16824115313652,2.0,0.8044086979725916,48.43064430300424,20.572725031739623,6.278352922123843,0.721821953104852,Clean Background
AQS-304,24.06497041267663,74.01743477545611,32.884068862918475,2.8379278234810243,52.08744031805463,19.13748969959246,60.61976614802033,1.5448599948807558,44.30222085732457,25.690992544399762,2.3967452398509526,0.6933460048639384,Industrial Zone
AQS-305,21.36199015596383,47.228982905858956,94.20423542603493,2.0078600757876144,2.2028648523617176,30.239749010558562,24.51814577894287,3.296273309923139,64.50201177958661,19.976120745130956,1.8104275332364042,0.2926149788261937,Traffic Hotspot
AQS-306,23.120816252400772,42.605581391231965,27.46771950672725,4.054484485810515,41.725583252413415,19.43021389640871,68.18716909397173,2.858173540648222,58.157025041167515,17.66896536955367,3.9898634386020824,1.0121304032273013,Industrial Zone
AQS-307,31.89458545167017,105.51243167542557,42.240625258114626,2.9123267385615605,29.921489216644307,23.701845551841455,59.044176656412276,2.948735558352991,42.72546798611669,21.0502453160077,1.2608929243460991,1.0899721789166517,Industrial Zone
AQS-308,25.183153684390287,59.42822814515021,61.985748070360444,3.0477588725653746,3.972266165326613,31.155617139026376,12.0,4.133009913809959,63.90654830692309,15.715284040868813,2.576231039304195,0.31317223573921943,Traffic Hotspot
AQS-309,32.875154934365185,50.766907993300194,101.86246724518773,3.507664072432772,3.698714861756346,47.56601583693461,39.708654381279416,4.1687836013518975,76.46636996047665,15.798779384618319,4.222570432009641,0.4770478159983347,Traffic Hotspot
AQS-310,7.018948047170687,11.880322565140002,4.25636190452589,0.5200201875737726,4.00729675759358,39.638071059214276,9.758385083212367,0.8992896230760733,44.57778307364725,10.22190824093586,3.7636948735646465,0.6008560798697345,Clean Background
AQS-311,17.650493004921803,53.868570938002705,102.01521725055456,2.5173770166290064,3.9394847632551184,37.609711377311555,23.924883052821787,4.703811403137936,71.82158991037527,20.79289325445436,3.3504189051435764,0.3651769872897833,Traffic Hotspot
AQS-312,34.781563683920545,68.48489972850437,50.84586305934609,3.5981362527958365,36.42459243241928,31.02565630498688,79.71990977210581,0.8,52.01446570434669,17.967439209410756,1.6891424887896618,0.7901215951676872,Industrial Zone
AQS-313,32.430799479972464,50.504928503458764,59.02297339790684,2.8147061045553654,4.744164817038467,28.57252989775514,32.772769794809605,4.031815520254777,68.73631749859771,16.97049385030662,2.902436496640008,0.40647041857715654,Traffic Hotspot
AQS-314,9.92162880522432,19.65690126287496,2.6754204866465994,0.2,0.5,35.64605995490834,17.42658974624782,0.4213395194448422,73.73442276632444,14.598097117713179,4.121644013656651,0.5780332578318733,Clean Background
AQS-315,2.757090470515215,16.234674510301847,10.580254983837527,0.32565137414729883,3.855760812531774,40.548168038391,6.135014720986984,0.8919304683045215,56.67274501783096,16.65199564855119,3.8851509111879676,0.6835722809680902,Clean Background
AQS-316,48.06723059136183,36.40502515686883,42.643660977161076,3.6557298019156086,8.434663499290673,21.435801754922675,26.254250356032713,3.9374326604758734,52.06858456241352,12.909362218916705,2.4256049590575546,1.5864138980125262,Residential Burning
AQS-317,54.35811620006939,49.48823416504766,20.357656010298104,4.763067840281401,7.410600249715708,30.602863517423433,32.4305162255228,4.123450479605173,60.84033072052641,18.585958150903082,2.104852148972679,1.4062693445129928,Residential Burning
AQS-318,10.0368409632867,17.293305739276942,10.413752517232426,0.663904934156591,3.759361483958889,44.87667897874845,14.389200750174835,0.4109925061398317,64.62066809086726,9.448525798176792,5.12786782288444,0.7366374220452101,Clean Background
AQS-319,31.08299123860686,58.86468930056973,24.940661433162887,5.463032973112671,11.034389106225069,30.728242008743038,28.953938611902377,3.671381500932552,45.906439124927076,12.612596135498542,1.998076927264917,1.5005137691993247,Residential Burning
AQS-320,56.01598592946429,39.95251153502202,20.04167882052916,4.390155323051526,4.063342419705782,9.498934556461222,45.52226984784998,2.3824154820665377,70.83544303011888,8.467399167765665,1.243594496045815,1.7478226216656578,Residential Burning
AQS-321,38.16028728047648,45.439838984952814,19.68084131771674,3.6281738500569336,14.036811337102296,24.448600171975354,24.87150364585117,3.12775501992052,81.4948089432392,16.889159423203417,2.173299980323695,1.4890963463106581,Residential Burning
AQS-322,6.454344818575272,21.732204352003638,11.230450672756785,0.2413787094930846,2.4954195818832954,45.653625491085265,2.0,0.9106330249250834,82.97939339132431,17.056250209699105,5.931735535021233,0.6962165188344336,Clean Background
AQS-323,2.479766766482742,21.96367582708207,2.9157257876476352,0.5871844471702566,0.5,37.49888338138212,10.181965905323008,0.37124422825602055,56.469101830858676,16.480847559766964,5.344128159766673,0.6006685773840249,Clean Background
AQS-324,46.2097294438939,68.57744894428583,13.190465625272658,4.003758694146864,9.389865590354319,11.383502154054462,25.801541586946218,3.641275664871591,43.727725796485046,27.47361222266707,1.8058549785503732,1.3271754869983368,Residential Burning
AQS-325,14.374314209050885,18.666796223527246,4.445829784675156,0.3169465616151625,6.254904882120814,36.05551040895307,2.6324089081685704,0.1,73.88596823087008,12.61435436812448,4.22243886848436,0.6881274527656673,Clean Background
AQS-326,7.903158166851589,9.710659220455561,11.886169521672823,0.707258181903438,3.0426863717747383,39.944987668103145,12.233345692846822,0.9108908676217439,68.95863839093785,17.33725666574124,7.08591441285977,0.7499457827517693,Clean Background
AQS-327,6.394049862297023,16.003414094787413,2.0,0.6365002061198427,4.141269981467216,40.397181502698785,7.012306859719329,0.5124724103224388,63.35338347892291,17.21355593229771,1.8941143142874632,0.7893574228367468,Clean Background
AQS-328,46.08652811480671,57.66402725103129,28.46989097676481,4.697926097986305,9.868133671700805,23.358753416673505,20.043358388295292,3.1438873594193626,68.1318447386498,21.745341622823915,1.2162230202265545,1.2156691305364875,Residential Burning
AQS-329,51.788580507817954,40.845869677691084,17.17190558155078,3.7884285104218893,7.267758578977396,18.098038628241753,10.824901681735195,4.041906488353235,72.59712295484168,18.849288638320647,0.2,1.2894351112098315,Residential Burning
AQS-330,48.69366784113875,108.63986900343428,14.315606344371485,2.249447353042674,36.301156120529704,28.170306242584516,86.85435249653317,2.8973593785892175,42.84730265720543,21.201897438443314,2.424048976357477,1.0311154930247348,Industrial Zone
AQS-331,26.193377826464268,50.322536971610035,57.65857302131994,3.375562495651124,5.406927271734446,30.669296842295587,23.915387036364404,4.376899298860417,50.99879185060827,20.588783758810965,3.3255764534715424,0.4099245255878058,Traffic Hotspot
AQS-332,40.168033812796125,61.9567890145501,30.712757065157508,2.214990548610838,8.071709129854867,16.16860760099469,19.82937594863678,2.1074264099554707,70.72390311175675,19.32076724745044,2.2893288489976134,1.4752355807323934,Residential Burning
AQS-333,24.741932712094034,40.43489288547267,17.758974254687747,4.534894925346177,10.037428326314586,28.12161951892766,10.0,3.737618073200303,77.00531658473872,19.91368844811214,1.3106375437949933,1.8830112135613204,Residential Burning
AQS-334,6.9299805974603865,13.923931160473643,9.57465198987474,0.6961816185497791,1.841146876865639,41.14645640004259,10.336672920742785,0.8788229954372446,54.23500859507,15.00530275493763,6.072230289697076,0.7153508526012549,Clean Background
AQS-335,38.0798736008087,43.71350737220489,36.619099410089476,5.012049456407983,7.386586337041635,18.22614107795715,15.325740806563738,4.577522231280705,56.033577726847916,8.568394194406851,1.8904036084460334,1.3672768668740714,Residential Burning
AQS-336,30.42430514088723,55.589692204932675,55.00135942097175,2.8444568682518647,3.406209489059046,28.473747472115907,30.968235748741126,5.815102077166009,46.416353108074574,17.67713367956567,3.2405916912038824,0.27505310141198724,Traffic Hotspot
AQS-337,31.67005773304521,39.7931768164829,72.14326285427421,2.484546986991543,3.2774315973434724,38.845102870439604,41.991361143520706,3.873445295604307,36.01194043379918,17.845966121997172,1.8769102065925019,0.3063461125536507,Traffic Hotspot
AQS-338,27.170414192972892,47.73486124550783,45.85828730371553,2.261647377108501,4.934610503811814,26.754582116863364,32.53141058759608,3.693779901695159,52.69131227079679,9.833060526302837,0.5,0.3245675841763274,Traffic Hotspot
AQS-339,17.421759067823597,54.5655360863383,73.83036808200528,2.315021028786909,6.763279513898901,31.018403944358816,54.96456368290038,5.1589323375588165,57.34249738927012,22.188393210448616,2.3530386516816724,0.37553847378738353,Traffic Hotspot
AQS-340,26.68196867297493,43.53485047932979,60.39406984709099,3.226968926853334,1.6611894377572565,14.460282962281445,19.591257686683548,3.6391735262177125,64.42722759867544,17.812317684483265,3.379894151153479,0.4110862883624771,Traffic Hotspot
AQS-341,47.22514105265758,34.604257363617634,27.69243630723584,2.1777995994138553,12.29410034549355,16.0609995606643,58.0,3.5697324666669763,77.7946493165775,8.479959864368945,1.1397500855606095,1.1728024115202003,Residential Burning
AQS-342,32.93526947261913,50.598827942484235,50.72882047664381,3.2140863950266674,8.289935427002568,29.45493004046796,43.93101257968384,3.8089533953109163,57.047044676130476,24.910172680402844,2.9558433647093514,0.32805779639471944,Traffic Hotspot
AQS-343,28.340442887994655,43.410880130670975,24.727299241596327,5.127522527061652,7.5474868652999145,23.543789989097068,43.68905604443442,2.7946218309880146,61.25177943378194,20.2324733003486,2.0617251969741734,1.337878472630538,Residential Burning
AQS-344,33.81186994319734,53.60784526368234,87.38287592782066,3.8532045054659223,1.6769598754620803,41.352172202315145,24.483153943836662,2.8358302965024915,51.18948342525119,16.602969182726284,1.8659745050817957,0.45936338796292187,Traffic Hotspot
AQS-345,4.846070265081966,18.289028049628925,4.103471471831577,0.5609219297645952,4.935966691383821,35.5550471114535,9.747507947555007,0.3622429658654362,70.76169167191233,11.408679734297483,5.010385569996132,0.8041793738309657,Clean Background
AQS-346,23.93846799816425,59.58595579007404,88.28429253016944,1.5256625654141158,5.154736615295237,34.95684736084528,32.550809131910505,6.269008311257325,43.51986099583756,22.314723333725183,2.5610382523104978,0.42310047939570955,Traffic Hotspot
AQS-347,12.78332717524759,10.429767749190034,2.1243074303356675,0.4543076756639314,3.2873660942911345,36.205448232975165,8.016487311959402,0.12063835965154868,68.08905356254633,19.577172274239757,1.0028928122196707,0.6857886891549583,Clean Background
AQS-348,54.11943985386401,60.18462478855144,15.921950876865434,3.607948901533077,7.778157303174822,30.52571406613891,21.459751312576465,5.061442918253128,54.61456179156028,17.470479360838844,1.524950873545036,0.8641102619995463,Residential Burning
AQS-349,41.28400748141933,39.764027935694614,15.515332090129231,4.616866315740826,13.055042836125528,15.52873808309312,25.900144265785165,2.9075764288995365,64.62429355020518,7.8967685075544924,0.7634161706474134,1.7192451512405496,Residential Burning
AQS-350,16.520318532053214,33.98148937207719,62.87759513351856,2.495834094777322,6.008093031035688,25.39181174265727,34.28559134004209,4.749527170755441,69.69295590445672,15.412252889177704,3.6956818879726048,0.4131039277961199,Traffic Hotspot
AQS-351,3.8826033563476976,19.67318772729665,12.330950332695458,0.5204884469016557,4.37021059802611,39.65089417060361,13.175273868575262,0.5696157843895401,57.95638007309977,21.709508351221956,4.195588706949143,0.7154528301939803,Clean Background
AQS-352,24.821438777397766,48.58208718446,79.65936333638054,3.5075783104382956,5.519445003442963,17.68031280207157,31.884821970080516,3.702999260147126,57.59842049355657,24.00303916253724,3.7500520990245523,0.40139138512575223,Traffic Hotspot
AQS-353,53.12688374989925,37.14805093207242,23.78768628972022,3.3464867961982194,6.105266812504006,26.769516573100635,20.490981215157724,3.0236010987964663,58.05399630836855,20.69102738106978,0.9156419975101686,1.654706128837069,Residential Burning
AQS-354,29.647418090720667,91.56014917988159,37.136001065697165,3.739002326692549,29.996024104733102,14.329385454568287,81.4945142009006,2.702991729195659,48.82582190427267,22.68192246896485,0.8923389728819413,0.9686887390097301,Industrial Zone
AQS-355,11.838556009280477,8.28599242395177,8.51766895039687,0.5700118561841782,4.675250663294931,28.486140279382965,17.253630794061692,1.052739304021365,72.80056059139311,17.631052704601494,4.480067589208909,0.9111203997939461,Clean Background
AQS-356,4.331314941333308,21.286841526891124,10.637850027216517,0.4310117122813007,4.175384497197911,48.175139375509254,12.794755254068175,0.1,73.62838577534986,12.662178832598247,3.6606057357988284,0.7517121925974763,Clean Background
AQS-357,42.59643308353059,59.1934345076214,30.298153774750716,3.8430532002644586,57.56393455873331,12.435881194856556,64.36116540753419,2.414158284796617,63.43750054451304,21.061449397598516,2.276797745365195,0.8150626961678574,Industrial Zone
AQS-358,10.446503067332788,12.100735268891807,22.0,0.3647653326890439,4.874257351059239,43.60560489696467,12.10614673468923,0.6872691172770018,38.28340639141108,16.682798524073917,4.166946892421338,0.88883216950701,Clean Background
AQS-359,8.582155830817623,22.146073921485254,9.037339301879149,0.4114883988416247,3.2980200143211102,39.660826811205006,12.017933025532068,0.907532745774532,64.96576938530305,15.877209348801744,3.233870789423461,0.6025800544960072,Clean Background
AQS-360,6.399199080682499,20.47323593786936,2.0,0.5379384589230193,1.0814538956703204,36.10390423989898,7.152107090964309,0.7091911892558214,67.85299436516338,10.223242395630843,3.4933287911691164,0.7334158989844065,Clean Background
AQS-361,38.42970799193391,49.90774890516597,15.56919441959734,4.480177806098596,5.360556939493837,20.08204842719487,38.59770502413978,2.6159353691707885,79.94938227453235,23.645676348558894,2.459256976715201,1.430416950711419,Residential Burning
AQS-362,34.18599713497571,57.63376129244322,58.258878885328684,2.344520403067781,8.046248154539315,31.307479225789606,37.62365297575152,3.7990477307393054,62.40014450053332,17.30949080023672,4.842015160136369,0.39354886592288624,Traffic Hotspot
AQS-363,29.94450381636877,38.253183297726785,92.17782604692562,2.296166894691534,4.9840547173667655,34.05590893316281,40.11017467202618,3.734440394909665,52.44800473306802,24.735710765831474,2.208607650543693,0.4246661530017378,Traffic Hotspot
AQS-364,40.936762976074455,67.55057790351499,25.977879396382193,4.998638220974037,46.91782388314215,18.49463851760702,80.26076340029414,2.9972575118848406,28.0,15.242352428530689,0.3,0.948021610545045,Industrial Zone
AQS-365,29.744845768228835,70.12575059417861,29.288763989574313,2.645973668596582,36.77416355316188,18.127869892031654,50.717819069053355,2.6785911313033277,30.77108914133058,19.235888949599325,2.987872284871074,0.9262591292853951,Industrial Zone
AQS-366,5.2456190497502755,17.663037551620988,2.125983146247785,0.7096639255108997,2.610299788848731,40.70366022585694,18.7848925686112,0.5027795474373089,66.176807522394,22.282175631767263,3.3599238030406475,0.48607538936130923,Clean Background
AQS-367,27.22708769191479,85.5515839903265,23.96821049319655,3.838879252474769,44.2859961573488,13.223844859179065,59.070893767576614,5.010198826927995,45.89243649151001,16.022602501565952,2.519147777415752,0.7651205964841343,Industrial Zone
AQS-368,49.60807770837549,90.11726432285926,10.0,4.418756567357404,44.15498138327518,13.845474120756865,65.6445057427971,2.578386522776716,37.12889926175833,23.271558632100113,2.506799844559998,0.8998948146796495,Industrial Zone
AQS-369,29.987580588421384,45.54611883997129,72.97722918986027,3.37025430291163,3.2487634932304856,13.770238008765771,34.36387787786144,3.8218318646137286,60.43800713771199,23.906161398903585,4.181765486991594,0.32115760459281867,Traffic Hotspot
AQS-370,30.06170973741077,36.08696502797351,65.83937718624223,4.113881759930603,8.37428327014513,24.445653919391106,17.18070592116278,4.274055590347882,73.65524029234341,18.897807274239888,4.794505063224973,0.3235990515393273,Traffic Hotspot
AQS-371,14.287530505427476,11.944995681855776,7.230998682936415,0.5256284235442669,3.533503422844844,48.489339982420994,2.0,0.2077890653307108,64.00459631413729,19.72051269496611,3.684923216168454,0.9125206929970315,Clean Background
AQS-372,48.687416555925125,58.17105707221402,25.378815210464488,3.4250208808437868,8.011087015543541,33.92873861378844,32.27016356784009,3.1503313023352915,72.39653151724671,12.048506636397004,2.3801341971963055,1.6627881975121712,Residential Burning
AQS-373,46.920188479927994,36.49284765873257,20.48088064702941,3.437129464242824,8.130544005930398,32.33854098282792,35.76431815680741,2.972121857392458,64.00905699758731,9.325602964487219,1.1789046338672864,1.478196539922412,Residential Burning
AQS-374,26.645342197080787,48.68562974806027,70.39368981946342,3.685213730169731,5.070527103943458,41.41149849820226,26.709482287827708,4.3869189184468,54.06661187672639,18.7903984187696,4.38703030556038,0.27041576163367376,Traffic Hotspot
AQS-375,8.153593705643257,17.979098905479617,2.8544981385812536,0.3154050149476654,0.5,39.5587387221611,2.6545608649184107,0.27607910361724547,63.97916667342076,13.165445455595663,6.074032139127193,0.7628367311120311,Clean Background
AQS-376,33.616431520612615,83.55899422678135,33.40886246911204,3.266550984867565,49.040325617703296,18.26161467823472,52.95281766218676,1.5163603244380663,32.70928162757231,21.30697905840928,3.487334516589102,0.8672450879622465,Industrial Zone
AQS-377,36.64198536947702,42.84056674985702,15.029292236468397,4.963356791400002,7.899162305888861,16.129899410869385,33.17254471521191,5.079439764482517,61.100762934405545,12.486707691281044,1.5792962592838369,1.3676353262072685,Residential Burning
AQS-378,35.22435347664345,40.51418902125948,34.03564534345108,4.550243276101136,7.093863501530407,17.45164341206213,10.913698626284404,4.645118150096091,66.40359869848047,18.088570183735744,2.0240251833312657,1.688109718868719,Residential Burning
AQS-379,7.807447516133542,8.60277888430138,6.65231718481488,0.6195340753496671,0.5826489613457584,18.0,11.246611424019113,0.27251244835226923,73.95480650825479,17.17688140936139,5.440803335172897,0.7832277508398953,Clean Background
AQS-380,4.282841892420072,15.82496194996882,8.207101534799403,0.5568780842863955,3.130046549121595,22.70687559478594,2.0,0.8110283750361926,37.019389825070604,23.300260157394167,5.505317065855907,0.7697727468946549,Clean Background
AQS-381,33.372242359568794,49.187106396204136,18.046581970803405,2.9349896827392223,4.5469577491414785,16.139162982652095,10.0,3.197370735187035,57.87826135823956,13.067375211560014,3.2724656580942804,1.2890067038294877,Residential Burning
AQS-382,7.450548586840116,9.252118942242339,9.274203723009933,0.8363782185919924,2.475841009174566,37.16525765610486,7.400692458010255,0.26362687797168244,64.95279940620868,18.524586883253477,5.006136089101045,0.8346323084648646,Clean Background
AQS-383,36.46687935823324,91.22780014889672,50.54092566334188,2.9175976470166924,36.82055624738342,25.889486721504284,59.086363998184446,2.122327537842298,43.06116826232261,18.199242940594353,3.0576910607251246,0.94863184569567,Industrial Zone
AQS-384,36.28459184839892,87.6893294228934,39.78361076166638,3.6604553577847545,57.80538080807838,17.37330468877517,60.16240246070773,3.0575635236085885,40.34011918550457,23.403591848671887,2.6647608412365167,0.8441659847978777,Industrial Zone
AQS-385,39.634331996808704,99.12252943473585,37.82097703468616,4.599901135318548,41.709652723309006,22.45276494643135,35.65411336303305,3.098328204894027,50.26577595141379,22.40482699571646,2.746504778432005,0.9384412980472484,Industrial Zone
AQS-386,7.892523263880611,27.06265519698621,7.788316650530792,0.5607438697224126,1.8380775449721272,38.57823172307431,5.495784156355799,0.499034223036548,57.17172409193082,18.06497190016204,4.22474120177344,0.8066284182525769,Clean Background
AQS-387,26.59247719974912,85.0,70.17799723885241,1.7447563081461313,3.8462162609537023,33.56965091850735,45.003098794089915,6.009184084889715,65.60414656144297,17.214600603660088,4.564140429973844,0.4179758586303962,Traffic Hotspot
AQS-388,2.0,10.284903439631357,5.829689221317695,0.4400118986596131,3.02702530806667,50.47031347597515,9.977758825407717,0.8264199894203428,67.51885971822153,18.49129740402254,3.8213083585512115,0.7974705254609031,Clean Background
AQS-389,29.972506657958107,49.53725105945528,63.71800055629838,2.869404780575715,5.096169893322764,28.58654373750723,30.446170676466775,4.624274000747764,76.00940432910815,16.28753935613635,2.9753668500029757,0.3567780364649079,Traffic Hotspot
AQS-390,9.508234422472444,18.982205687908763,7.141277292038273,0.4950675185866394,1.902552391637208,42.57605022640378,11.113394538578678,0.7525825119700326,66.87305237044995,10.252026446777021,3.955636334889981,0.5773243896558046,Clean Background
AQS-391,61.95667489783965,72.08142508358245,14.403946314095414,3.6380891492580982,8.747925786925187,21.33175027037649,16.345436729954887,4.000897812080383,57.70397530192591,12.190734477044812,2.880657118738084,1.5371950779000092,Residential Burning
AQS-392,44.750094813578535,88.01214016921188,57.58199285668252,2.4965684614646007,45.909555798986,15.904099223290816,64.05510216779768,2.5051378158487503,28.0,16.5314791371564,2.51961665769399,0.9404515326355367,Industrial Zone
AQS-393,6.81131096569472,14.886396496116966,13.24319458236684,0.5881169637455012,4.203192687927179,38.033838871953215,9.769928987978147,0.8040661081430073,65.8737148063299,18.326467144721615,3.920508192647379,0.8087016593641881,Clean Background
AQS-394,36.79389261352932,32.493365689338674,60.90470966194219,2.9865445393588024,8.929450265832779,28.147347033516414,45.21672064043235,4.586656397219327,61.686733088729014,23.269576262537303,4.305525932957984,0.3354006571993733,Traffic Hotspot
AQS-395,44.603311263555405,62.025140799562195,46.92688568959522,5.150019935394516,50.51342180566847,24.45604283159159,38.431865308906694,3.3448454472528413,51.69310825369607,9.750665364818758,1.8585130909556904,0.9466312500909212,Industrial Zone
AQS-396,37.228219398795815,39.42842443583717,65.09798691477634,2.440374986227736,4.899523781101726,31.771746857087965,28.21627222384968,4.807337542949943,61.520553965142966,8.0,3.481191423969376,0.36780241308955647,Traffic Hotspot
AQS-397,39.31711540726318,40.27174785462428,88.21355222900095,3.777169327342775,6.15414425436108,28.11143433530357,37.65011509503038,3.734149830867446,73.0339830176715,18.31454076126436,2.498008312193245,0.2947909069539702,Traffic Hotspot
AQS-398,31.706284918179286,52.91146321499305,14.902728333952236,3.1419648549376338,9.888588752665433,18.281499937746812,22.579372546250937,3.7857079351251577,58.934966117842606,15.047558254751785,1.0773340774354039,1.789144575562173,Residential Burning
AQS-399,7.85291197748589,19.914368674742864,11.109433847858703,0.6279774465678255,3.852154807692969,47.11644428820375,2.0,0.5409234576009331,58.491505699235255,14.787572793212357,2.0791934422531066,0.6158086846082,Clean Background
AQS-400,25.943712900839383,57.54001763493203,60.544910434731385,2.638355899333265,6.059608355830566,25.848890475561355,63.60084538268795,2.9586126947869253,48.33023856870787,20.91051817454792,3.322297503032284,0.4912166039213851,Traffic Hotspot
