Date,Max_Temp,Min_Temp,Avg_Temp,Precipitation,Humidity,Wind_Speed,Month,Month_Name,Season
2024-01-01,1.86401305360151,-8.434015438205229,-3.2850011923018596,2.0,70.1774188753011,17.771616294306043,1,January,Winter
2024-01-02,0.02824026637330951,-9.88880115292398,-4.930280443275335,5.0,76.25949330060949,29.710415648111493,1,January,Winter
2024-01-03,2.461056510853669,-7.927556612006747,-2.733250050576539,9.0,65.83562259070268,20.21847327224245,1,January,Winter
2024-01-04,5.167811132193933,-5.746006781650882,-0.2890978247284748,6.0,68.56566531431736,20.651844812362086,1,January,Winter
2024-01-05,-0.017258877267105177,-9.876766852433104,-4.947012864850104,3.0,85.59891849098402,20.260381185952017,1,January,Winter
2024-01-06,0.07499345170644256,-9.784524374124048,-4.854765461208803,9.0,71.36487639407262,16.539644919689167,1,January,Winter
2024-01-07,5.612941914684063,-5.334585774620372,0.13917807003184546,6.0,69.82390072282213,18.31142600121239,1,January,Winter
2024-01-08,3.281173861555657,-7.179286975936089,-1.9490565571902159,2.0,72.71966073244715,22.724167982828,1,January,Winter
2024-01-09,-0.32035090634770746,-10.038666274786737,-5.179508590567222,8.0,70.55589367220722,16.47980310844381,1,January,Winter
2024-01-10,2.830558971919987,-7.494977054231592,-2.3322090411558025,29.329942963739445,65.3452120392851,17.744221319433418,1,January,Winter
2024-01-11,-0.06699765489589016,-9.788947039208413,-4.927972347052151,7.0,62.72834764600634,17.90450548106632,1,January,Winter
2024-01-12,0.05197706770529531,-9.66858508015255,-4.8083040062236275,4.0,65.33827781919958,19.286327889428648,1,January,Winter
2024-01-13,2.3064610603654097,-7.838716302574211,-2.766127621104401,9.0,81.96188423255343,36.28123079578344,1,January,Winter
2024-01-14,-4.022400497680065,-12.874432350885387,-8.448416424282726,4.0,67.18981982947479,17.14711014973624,1,January,Winter
2024-01-15,-3.3150297535918174,-12.280079054083998,-7.797554403837908,1.0,72.19180932611057,20.6230617414655,1,January,Winter
2024-01-16,0.32052001923221507,-9.3421074632232,-4.510793721995492,6.0,80.99652939236192,18.123591457775515,1,January,Winter
2024-01-17,-0.878120290194242,-10.270421617993588,-5.574270954093915,8.0,71.4492207375257,34.94989462843499,1,January,Winter
2024-01-18,3.2613917989185506,-6.927156600638614,-1.8328824008600315,6.0,80.80649391435477,18.071484430587063,1,January,Winter
2024-01-19,-0.24190632944849133,-9.697091884135766,-4.969499106792129,2.0,59.300410034971044,20.220881811178767,1,January,Winter
2024-01-20,-1.5860381985978131,-10.738655977796638,-6.162347088197226,3.0,73.61427495851214,24.497166163830705,1,January,Winter
2024-01-21,7.221667141248603,-3.6577221201043293,1.781972510572137,5.0,75.95507713555634,24.06348143625068,1,January,Winter
2024-01-22,2.3263292679898373,-7.5382049517182415,-2.6059378418642023,3.0,75.61968376866044,20.878284524457815,1,January,Winter
2024-01-23,3.3902165013742063,-6.650300421438549,-1.6300419600321712,3.0,59.07673004302667,20.421333466904404,1,January,Winter
2024-01-24,-0.897657085956526,-10.042808174228451,-5.470232630092489,4.0,87.85003959944359,20.990393883877964,1,January,Winter
2024-01-25,1.937320760376168,-7.736049604908723,-2.8993644222662773,48.377643190331966,67.48049231377937,20.151640248647873,1,January,Winter
2024-01-26,4.101986588982376,-5.964566964843543,-0.9312901879305837,4.0,79.58115243277189,19.926239866396333,1,January,Winter
2024-01-27,0.5197975042395591,-8.789606349307059,-4.13490442253375,6.0,76.50917389252159,22.234848725906566,1,January,Winter
2024-01-28,5.3081809199014724,-4.917237891105931,0.19547151439777055,5.0,86.66050776542293,20.657080617925885,1,January,Winter
2024-01-29,2.5921669088280757,-7.047449877220641,-2.227641484196283,4.0,98.68725640643163,20.944611222864108,1,January,Winter
2024-01-30,3.7366222129414144,-6.088361537182619,-1.1758696621206024,1.0,64.0926969851222,24.751757340420873,1,January,Winter
2024-01-31,3.028763993740561,-6.610212038921801,-1.7907240225906198,4.0,70.68614035279107,36.85383478161617,1,January,Winter
2024-02-01,10.61739279959571,-0.4939741111096536,5.061709344243027,6.0,79.24005203298246,24.338721711451974,2,February,Winter
2024-02-02,5.251167866506489,-4.7407337986507505,0.25521703392786943,3.0,66.46430092735694,20.263246065386628,2,February,Winter
2024-02-03,2.353986447214051,-7.011386995412408,-2.3287002740991785,6.0,85.50317627842487,20.405381506900508,2,February,Winter
2024-02-04,8.234502290674074,-2.2590246565878385,2.987738817043118,2.0,86.27335315076155,35.283672197320676,2,February,Winter
2024-02-05,2.348302509053993,-6.919191300963394,-2.2854443959547006,4.0,83.58710815299524,22.07136105521113,2,February,Winter
2024-02-06,6.885535440540928,-3.2397827164619253,1.8228763620395014,7.0,80.5060937648147,20.93532776701054,2,February,Winter
2024-02-07,0.6321172517017644,-8.19208067397037,-3.779981711134303,6.0,91.97964754340448,25.165417862895882,2,February,Winter
2024-02-08,2.7827494884591433,-6.420338882201799,-1.8187946968713278,5.0,66.86317093764407,25.623885035546163,2,February,Winter
2024-02-09,7.6179924869077436,-2.5001242546137306,2.5589341161470065,4.0,79.20351562500946,26.10564892704039,2,February,Winter
2024-02-10,9.506753722182683,-0.9363262258145637,4.285213748184059,3.0,71.2887158891563,22.57203161559706,2,February,Winter
2024-02-11,8.073169874752562,-2.029651093961421,3.0217593903955704,3.0,87.6962844844896,21.228976069057733,2,February,Winter
2024-02-12,7.483517750532757,-2.4470932800342995,2.5182122352492287,7.0,60.57851610347852,38.05186035199816,2,February,Winter
2024-02-13,7.202155174016866,-2.6171826086295606,2.2924862826936527,7.0,78.74029166997327,22.864914679961963,2,February,Winter
2024-02-14,3.9484285598217,-5.164458245957844,-0.6080148430680721,6.0,82.4770834025376,27.187028084321653,2,February,Winter
2024-02-15,6.506432248993521,-3.0616612259696545,1.7223855115119333,6.0,69.74767432770827,27.812239764385712,2,February,Winter
2024-02-16,7.569377423768244,-2.1542393136558835,2.7075690550561804,6.0,73.05289843088143,26.51587188572926,2,February,Winter
2024-02-17,12.411263247890755,1.7769899121594053,7.09412658002508,6.0,79.5550682507512,23.809243261290217,2,February,Winter
2024-02-18,10.56254272139438,0.35637174765330215,5.459457234523841,6.0,89.03297289786317,23.636904056234606,2,February,Winter
2024-02-19,4.53746065686971,-4.40471524991265,0.06637270347852997,5.0,69.2282745442426,26.729160952861413,2,February,Winter
2024-02-20,11.096740904984841,0.9022905233479648,5.999515714166403,4.0,71.04163000168532,32.348722628334826,2,February,Winter
2024-02-21,9.27007635643528,-0.49887427531492934,4.385601040560176,4.0,90.94535404544528,37.07447991319877,2,February,Winter
2024-02-22,8.698228581025106,-0.8956182187913182,3.9013051811168937,6.0,77.01723484868137,23.08638900110722,2,February,Winter
2024-02-23,12.870442031714392,2.5034362584098706,7.686939145062131,4.0,72.0232595032973,23.479965362220916,2,February,Winter
2024-02-24,14.437486716479228,3.818887002981658,9.128186859730443,6.0,87.13129216052779,37.227031712165,2,February,Winter
2024-02-25,14.44996830510226,3.89120023363254,9.1705842693674,4.0,75.00238816555658,29.525676619830758,2,February,Winter
2024-02-26,9.452587646212624,-0.043881839853792126,4.704352903179416,7.0,90.19259527633133,33.68947146954839,2,February,Winter
2024-02-27,11.359094747574217,1.5446221730849437,6.45185846032958,6.0,73.30929569236598,24.196998315959405,2,February,Winter
2024-02-28,13.59929943639723,3.400541377555092,8.49992040697616,5.0,78.37276280486132,27.594016850782705,2,February,Winter
2024-02-29,15.853112937839645,5.26778586156623,10.560449399702938,2.0,89.43471687868099,29.3024354150945,2,February,Winter
2024-03-01,11.812019294581864,2.0995238372890377,6.955771565935451,5.0,77.7327613278603,29.05817472593225,3,March,Winter
2024-03-02,13.01762983616126,3.129025222159551,8.073327529160405,4.0,87.56034801551027,26.07501513105035,3,March,Winter
2024-03-03,10.582570584856134,1.2463715692597503,5.914471077057942,5.0,79.34285710528471,23.620794814820343,3,March,Winter
2024-03-04,10.641731470145807,1.35945544459421,6.000593457370009,1.0,99.80784367774744,28.00388003595247,3,March,Winter
2024-03-05,16.998414316500487,6.510898823063966,11.754656569782227,4.0,95.66538035272916,25.17619334898579,3,March,Winter
2024-03-06,18.96165418338873,8.147910166246236,13.554782174817483,47.06768346322923,66.67738059297037,26.791618906473857,3,March,Winter
2024-03-07,15.010514315139996,5.053720388088197,10.032117351614097,4.0,85.1556148475635,39.68136952379764,3,March,Winter
2024-03-08,18.57216843359276,7.970048694857548,13.271108564225155,2.0,71.73806636100353,26.50448846219765,3,March,Winter
2024-03-09,16.982818077770517,6.765836462741937,11.874327270256227,4.0,81.78020637327559,33.19026939081905,3,March,Winter
2024-03-10,14.300106539319744,4.687178392082819,9.493642465701281,3.0,80.5059875729717,25.150650956798643,3,March,Winter
2024-03-11,17.65832393289569,7.441486569590642,12.549905251243166,48.1360855568459,69.21968163372193,29.756569332908796,3,March,Winter
2024-03-12,21.527933286112283,10.605111346232702,16.06652231617249,3.0,90.30380843457986,43.10572460035925,3,March,Winter
2024-03-13,17.14694644040485,7.168442063870821,12.157694252137835,3.0,81.69156047529039,24.84457019248293,3,March,Winter
2024-03-14,22.289770069454963,11.35098387596656,16.82037697271076,3.0,76.74544347618397,24.41058719358054,3,March,Winter
2024-03-15,10.078730738782072,1.650577801235917,5.8646542700089945,2.0,75.13911277021141,27.269733218029547,3,March,Winter
2024-03-16,20.74641153837674,10.253270035751608,15.499840787064175,6.0,80.84013363024359,24.96961577881477,3,March,Winter
2024-03-17,18.885092668668115,8.832864427725214,13.858978548196664,1.0,83.43800583562414,31.43607273078326,3,March,Winter
2024-03-18,18.07058460413732,8.249989014416842,13.160286809277082,2.0,78.01965310770032,36.88621933435454,3,March,Winter
2024-03-19,19.586850097151594,9.531793631230292,14.559321864190942,5.0,50.84916063198384,27.480696764247675,3,March,Winter
2024-03-20,13.693026133080627,4.8855674818411625,9.289296807460895,3.0,79.24252709503375,26.176205742717237,3,March,Winter
2024-03-21,19.340984336487463,9.47278746918997,14.406885902838717,4.0,64.55241098414565,27.57055212895734,3,March,Winter
2024-03-22,21.415604837651934,11.201337294744885,16.308471066198408,7.0,76.76069721131765,31.18688426610398,3,March,Winter
2024-03-23,25.12211436667946,14.235377939834553,19.67874615325701,1.0,64.69198435521221,24.84161391449104,3,March,Winter
2024-03-24,19.47758268964413,9.78854482060832,14.633063755126226,3.0,64.44950226996491,29.28060188124721,3,March,Winter
2024-03-25,18.950567727366835,9.435663889102747,14.19311580823479,4.0,90.83703266334714,29.609904388899032,3,March,Winter
2024-03-26,20.214024843995322,10.515079070146044,15.364551957070683,0.0,75.15075271174398,29.963027109089243,3,March,Winter
2024-03-27,24.80824030205492,14.258999031433673,19.533619666744297,3.0,74.24547100366514,26.296645755066553,3,March,Winter
2024-03-28,23.390414226966108,13.193163561170298,18.291788894068205,4.0,82.89235653477961,31.192307655835826,3,March,Winter
2024-03-29,21.15629483096418,11.474150953224402,16.31522289209429,6.0,74.21088058397366,25.430257889036156,3,March,Winter
2024-03-30,24.62597871262569,14.318018252757678,19.471998482691685,4.0,98.79920737386395,26.077748455488692,3,March,Winter
2024-03-31,23.717095531673674,13.65884900206485,18.687972266869263,2.0,74.87004647221052,35.476170417556524,3,March,Winter
2024-04-01,26.67046916846355,16.08928217414382,21.379875671303687,3.0,81.08538049401653,31.699670699076982,4,April,Spring
2024-04-02,21.99593071574033,12.41716257206674,17.206546643903536,4.0,86.97225587476683,25.064667301168203,4,April,Spring
2024-04-03,23.455443820290004,13.652041108248664,18.553742464269334,4.0,93.10897565106563,26.42676371896578,4,April,Spring
2024-04-04,23.59713086072253,13.832395752601823,18.714763306662178,2.0,69.48491979048487,26.206486268654267,4,April,Spring
2024-04-05,20.716521057927384,11.594630026806655,16.155575542367018,4.0,72.53887454998629,26.5767645911453,4,April,Spring
2024-04-06,26.32752398187584,16.149851815637092,21.238687898756467,2.0,89.27300272741334,26.414668684682447,4,April,Spring
2024-04-07,26.552814474151848,16.396181310843915,21.47449789249788,5.0,84.43138406944523,25.307187063172215,4,April,Spring
2024-04-08,26.113764863053166,16.11069678906769,21.112230826060426,3.0,86.88135828310348,28.044380007792235,4,April,Spring
2024-04-09,25.721631833721847,15.862384113746936,20.792007973734393,4.0,62.23661184005563,31.556734444968146,4,April,Spring
2024-04-10,22.50434576573102,13.35356821096127,17.928956988346144,7.0,91.19299464081448,29.608495397414107,4,April,Spring
2024-04-11,25.811586475231355,16.06397366889057,20.93778007206096,4.0,67.88360539449276,30.50923576569506,4,April,Spring
2024-04-12,26.366347308233152,16.571976018149215,21.469161663191183,5.0,77.20070203722982,25.322482435014507,4,April,Spring
2024-04-13,25.306436317207282,15.787802678740254,20.547119497973767,8.0,73.57110777472246,40.00349420710993,4,April,Spring
2024-04-14,27.54590264912143,17.642674076121036,22.594288362621235,1.0,66.03961185149122,33.96073603331237,4,April,Spring
2024-04-15,29.55602462268995,19.31359410860123,24.43480936564559,2.0,60.465793447519715,32.98915970015708,4,April,Spring
2024-04-16,34.31406955464021,23.1823580139139,28.748213784277056,1.0,56.91505710719026,33.43605368333022,4,April,Spring
2024-04-17,29.488320273303728,19.383573585604626,24.435946929454175,2.0,75.3018562626833,38.23476051770612,4,April,Spring
2024-04-18,30.043656590225307,19.88912635579165,24.96639147300848,3.0,58.61243363540499,28.629737057765247,4,April,Spring
2024-04-19,29.35133905501727,19.39600660447697,24.37367282974712,4.0,62.27731223867149,25.774880055545285,4,April,Spring
2024-04-20,24.11919735730242,15.27046008648184,19.69482872189213,1.0,71.18091850228848,29.4070751227109,4,April,Spring
2024-04-21,30.093877250694437,20.10978557596397,25.1018314133292,7.0,46.715042141582714,31.353439197093238,4,April,Spring
2024-04-22,30.649002777134083,20.612864651169467,25.630933714151773,6.0,80.6308913851713,31.20604282481854,4,April,Spring
2024-04-23,38.14982976822185,26.67188450073068,32.41085713447627,2.0,48.47637462084861,28.140926580255,4,April,Spring
2024-04-24,30.471623369009027,20.5870399478777,25.52933165844336,2.0,71.53196808593883,24.753134447354142,4,April,Spring
2024-04-25,32.23867715282319,22.057748747423023,27.14821295012311,1.0,72.18267353044133,26.657390242010724,4,April,Spring
2024-04-26,31.51187015996029,21.532697221783433,26.52228369087186,0.0,77.13632224766755,36.9522041293083,4,April,Spring
2024-04-27,28.388499626356673,19.089706448928393,23.739103037642533,4.0,71.05863733418755,28.600461434031754,4,April,Spring
2024-04-28,35.59800584584759,24.912312157138572,30.25515900149308,2.0,91.37086488653591,28.005825572027767,4,April,Spring
2024-04-29,34.696734066877674,24.24557424726561,29.47115415707164,4.0,73.06797758649803,25.635845370955682,4,April,Spring
2024-04-30,35.08174185893269,24.607122690706863,29.844432274819773,2.0,81.15072495567527,26.29419096428817,4,April,Spring
2024-05-01,30.24442885631541,20.790061329192255,25.517245092753832,4.0,63.08661973161418,35.205295764890515,5,May,Spring
2024-05-02,37.44107529765386,26.599398711092203,32.02023700437303,35.62883429001633,71.2324043308102,29.330683188163967,5,May,Spring
2024-05-03,29.283319188282068,20.124429825957435,24.70387450711975,2.0,85.20115509246307,31.500326016817233,5,May,Spring
2024-05-04,35.50162662587415,25.149512369593985,30.32556949773407,0.0,67.04623890658087,26.703409279402464,5,May,Spring
2024-05-05,40.56053341846288,29.24626004297689,34.903396730719884,5.0,71.04048151212149,28.562242869533137,5,May,Spring
2024-05-06,31.261523470243425,21.85584526532184,26.558684367782632,2.0,78.61891017838465,24.925816931256968,5,May,Spring
2024-05-07,32.773987577109935,23.113766214871596,27.943876895990766,34.213194673768825,61.077711597474746,29.517900459364704,5,May,Spring
2024-05-08,35.00729455454263,24.94750373549005,29.977399145016342,3.0,46.57151584312049,26.10130407026989,5,May,Spring
2024-05-09,33.42901479158251,23.731100184052227,28.58005748781737,41.75621547010165,70.42754207025303,26.136637632544023,5,May,Spring
2024-05-10,30.514125876372848,21.444523935012526,25.979324905692685,6.0,77.44085099765931,28.35482949533963,5,May,Spring
2024-05-11,35.59398546209684,25.552847677213222,30.57341656965503,2.0,53.71981696567563,36.779943617295466,5,May,Spring
2024-05-12,32.419005880237194,23.056388108472856,27.737696994355026,2.0,73.61444522618805,23.24018948302927,5,May,Spring
2024-05-13,37.23969042704109,26.955534968659983,32.097612697850536,2.0,73.35783351788598,31.51047433674352,5,May,Spring
2024-05-14,33.26894906079212,23.820603601332405,28.54477633106226,43.408123427123755,43.5271782275635,24.423410509570058,5,May,Spring
2024-05-15,40.88058439519983,29.950623752189315,35.415604073694574,5.0,56.571370061402085,25.51726873092511,5,May,Spring
2024-05-16,34.079771189039576,24.549723164441314,29.314747176740447,8.0,61.64632569666769,22.5805058369129,5,May,Spring
2024-05-17,35.657227978699126,25.850464888422533,30.75384643356083,2.0,63.47706985220777,24.145022522488052,5,May,Spring
2024-05-18,39.25291976479858,28.764809434376772,34.008864599587675,2.0,57.50910096193887,25.72855819029727,5,May,Spring
2024-05-19,33.30374888124869,24.042267471109064,28.673008176178875,4.0,56.636085368790425,22.405644487057526,5,May,Spring
2024-05-20,37.85765896932845,27.72118300856597,32.78942098894721,0.0,80.98524722061686,25.372060038336343,5,May,Spring
2024-05-21,41.27055535743922,30.486269704869763,35.878412531154495,4.0,62.85786647728245,34.96458992785956,5,May,Spring
2024-05-22,32.69538439920118,23.659874339937915,28.177629369569548,3.0,56.64489511301385,22.301291223783583,5,May,Spring
2024-05-23,38.23525177446418,28.1244714593448,33.17986161690449,6.0,62.84444548964484,28.845309741116793,5,May,Spring
2024-05-24,38.61927531193624,28.46334563538719,33.54131047366172,2.0,68.28689226900894,24.121672414336444,5,May,Spring
2024-05-25,40.3380860083768,29.868992285310412,35.1035391468436,2.0,63.0912273161637,26.677895554502392,5,May,Spring
2024-05-26,34.42942412341847,25.17159454994532,29.800509336681895,3.0,60.17590423415417,22.727591838981507,5,May,Spring
2024-05-27,34.32118992445384,25.11346389230441,29.717326908379125,6.0,55.39056830963945,21.95351430312718,5,May,Spring
2024-05-28,39.98525045118338,29.672085511813247,34.82866798149831,0.0,54.92642112999327,21.821788220248735,5,May,Spring
2024-05-29,39.44178769128349,29.263596887343578,34.35269228931353,5.0,55.22618168246227,21.173501767541374,5,May,Spring
2024-05-30,39.42822312749613,29.277927417288605,34.35307527239237,3.0,64.24859066819798,21.69382248129963,5,May,Spring
2024-05-31,39.83646578732884,29.62859686163065,34.732531324479744,3.0,50.57456788052478,25.980839450607863,5,May,Spring
2024-06-01,36.87185358380738,27.279868416754475,32.07586100028092,4.0,64.104832172476,31.052312476673965,6,June,Spring
2024-06-02,39.717891417386085,29.57853919908948,34.64821530823778,5.0,73.95780761849454,28.647578886962542,6,June,Spring
2024-06-03,40.003913951734155,29.828070467754948,34.91599220974455,4.0,62.74070477358934,25.864754996703326,6,June,Spring
2024-06-04,37.07954142336691,27.508152274182734,32.29384684877482,1.0,55.44370005073802,20.52285137065293,6,June,Spring
2024-06-05,44.912122286531364,33.79265757984451,39.352389933187936,5.0,45.814465602137844,21.49407100858003,6,June,Spring
2024-06-06,40.822777199765504,30.538477447218433,35.68062732349197,6.0,74.23333849444587,21.489421857608328,6,June,Spring
2024-06-07,35.90809861184046,26.622880710162047,31.265489661001254,26.980295324207248,46.409088497666886,20.920416763885118,6,June,Spring
2024-06-08,41.52662765601463,31.13269549083433,36.32966157342448,4.0,66.25244020232358,22.94584621359095,6,June,Spring
2024-06-09,36.70208439475022,27.286893396886615,31.99448889581842,4.0,63.81021505689324,23.006483940822392,6,June,Spring
2024-06-10,42.0507301462692,31.57847938402373,36.81460476514647,0.0,54.71633003196192,21.222046081646027,6,June,Spring
2024-06-11,43.22277558490194,32.5276182374975,37.87519691119972,2.0,54.11407170342289,21.039781306360236,6,June,Spring
2024-06-12,37.33660294669193,27.829012337702956,32.582807642197444,5.0,38.04755554507855,27.51472668379217,6,June,Spring
2024-06-13,42.73457257609161,32.15654689854502,37.44555973731831,2.0,59.36719221225469,26.323191303109112,6,June,Spring
2024-06-14,41.12270091868854,30.875032362526635,35.99886664060759,5.0,61.92884501516213,20.214600625724653,6,June,Spring
2024-06-15,42.38456040292705,31.891324306930354,37.137942354928704,0.0,44.50308543390972,30.467451859437816,6,June,Spring
2024-06-16,45.63687841012495,34.49880262053259,40.06784051532877,2.0,53.50134164709027,33.317610215792925,6,June,Spring
2024-06-17,39.232544075102666,29.379776944704393,34.30616050990353,1.0,55.10530929552935,19.862961677745048,6,June,Spring
2024-06-18,37.7237917317212,28.17603343033569,32.94991258102844,2.0,60.241112775511354,19.907650610961987,6,June,Spring
2024-06-19,37.326826750721246,27.86053540849656,32.5936810796089,4.0,54.10377437576207,21.07593023001618,6,June,Spring
2024-06-20,37.552383939827486,28.04187011080675,32.79712702531712,3.0,37.47466564166763,31.548065682466262,6,June,Spring
2024-06-21,39.767028044852445,29.813289070500907,34.790158557676676,5.0,48.1124526608845,27.669480684505604,6,June,Spring
2024-06-22,41.01438153819708,30.80969035330709,35.91203594575208,5.0,55.33401160047553,17.592134427756466,6,June,Spring
2024-06-23,40.80766670969073,30.641652230092717,35.72465946989172,5.0,61.18100880580224,19.37618209960268,6,June,Spring
2024-06-24,42.43989296441591,31.9435830149943,37.1917379897051,2.0,46.26947460197824,20.743068599155645,6,June,Spring
2024-06-25,39.972183710717125,29.964382575590378,34.968283143153755,4.0,74.00469321237085,20.04024737056315,6,June,Spring
2024-06-26,44.26270845348591,33.39058800719152,38.82664823033871,9.0,32.86815013531793,17.45029602117354,6,June,Spring
2024-06-27,39.07116648563442,29.229960585577192,34.150563535605805,2.0,45.86299145002991,25.990564133772793,6,June,Spring
2024-06-28,47.98278877963795,36.35068727968418,42.16673802966106,6.0,50.359288278062365,21.680615165414636,6,June,Spring
2024-06-29,41.650553847941836,31.27515343928283,36.462853643612334,4.0,48.874374494302174,24.957615568871674,6,June,Spring
2024-06-30,37.147490330027765,27.661784863877536,32.404637596952654,7.0,38.255386548374396,25.474649302050345,6,June,Spring
2024-07-01,36.445853545416306,27.088389044252974,31.767121294834638,5.0,54.753163335344134,22.4148932080813,7,July,Summer
2024-07-02,41.03969107863935,30.750207629493442,35.8949493540664,5.0,53.68610424422371,18.236265352417842,7,July,Summer
2024-07-03,38.849822656669815,28.983900327865324,33.91686149226757,6.0,50.15836663949841,19.8871908586936,7,July,Summer
2024-07-04,41.58436541485751,31.15596511840225,36.37016526662988,4.0,52.70383766934649,15.873942445366524,7,July,Summer
2024-07-05,40.77846853420191,30.494525959457786,35.63649724682985,6.0,44.85742711470668,20.770987622806125,7,July,Summer
2024-07-06,39.050924233312365,29.094621580906484,34.072772907109425,2.0,32.6345852507108,16.331919563196973,7,July,Summer
2024-07-07,36.63397518554071,27.142051416381754,31.888013300961234,6.0,41.35815594139106,21.43622394074491,7,July,Summer
2024-07-08,34.52907825855132,25.437986593362837,29.98353242595708,1.0,49.81484076824494,16.992239423573526,7,July,Summer
2024-07-09,37.627686744042364,27.895595715282578,32.76164122966247,8.0,49.5949628839655,16.484921099105275,7,July,Summer
2024-07-10,41.42441925077883,30.91057997418475,36.16749961248179,2.0,48.108098526591924,16.934338569189592,7,July,Summer
2024-07-11,39.37990815829924,29.251451911821118,34.315680035060176,2.0,52.91182638793363,16.212051059792078,7,July,Summer
2024-07-12,34.87726228462362,25.624705551850813,30.250983918237218,4.0,41.34744528076857,22.715159780363965,7,July,Summer
2024-07-13,39.005357221415416,28.901448665904706,33.95340294366006,3.0,47.16368342692366,23.13441756156182,7,July,Summer
2024-07-14,39.50762466037438,29.27643423253708,34.39202944645573,7.0,52.35965049977855,20.33027631495003,7,July,Summer
2024-07-15,35.56052029328092,26.0908347550016,30.825677524141263,2.0,45.53563362543614,17.762152532636218,7,July,Summer
2024-07-16,38.52829136433028,28.43605630076296,33.48217383254662,35.46461601908438,33.70113617819947,17.48730750630629,7,July,Summer
2024-07-17,38.09141197003618,28.05648673896858,33.073949354502375,10.0,36.273444101301074,17.315786591627404,7,July,Summer
2024-07-18,34.332235559097995,25.018017737796367,29.675126648447183,7.0,53.954984969274435,18.292827540634836,7,July,Summer
2024-07-19,38.67360616051556,28.45893374430659,33.566269952411076,7.0,59.33357054769598,28.62894748691004,7,July,Summer
2024-07-20,39.11647995329114,28.780009237470196,33.94824459538067,10.0,56.928390861268575,19.101886841150222,7,July,Summer
2024-07-21,40.51199629052406,29.862165544618897,35.18708091757148,1.0,47.268222946780185,20.071703701811554,7,July,Summer
2024-07-22,40.24784955110125,29.615568319880303,34.931708935490775,5.0,32.69090172402221,18.605800503617715,7,July,Summer
2024-07-23,32.77197304318999,23.59857466396425,28.18527385357712,3.0,44.4388036049305,19.47016294023205,7,July,Summer
2024-07-24,33.90503446862737,24.46772949257645,29.186381980601908,8.0,59.90955421792993,22.037004001036962,7,July,Summer
2024-07-25,38.07218977610417,27.763168615778977,32.917679195941574,7.0,50.26122652891245,23.216074860072414,7,July,Summer
2024-07-26,37.87211888165494,27.563847311107622,32.71798309638128,3.0,41.79562584674238,20.104766828525673,7,July,Summer
2024-07-27,37.674741985337036,27.36571337355341,32.52022767944523,1.0,49.95549129949384,19.153962626374476,7,July,Summer
2024-07-28,47.48185174761648,35.170212853223646,41.32603230042007,5.0,30.778963959365765,21.49483481717661,7,July,Summer
2024-07-29,37.4256686336538,27.083134327237897,32.25440148044585,3.0,36.324776633145255,20.506129235048444,7,July,Summer
2024-07-30,38.90437774788261,28.223038363774254,33.563708055828435,6.0,32.25310494271549,20.567204072864428,7,July,Summer
2024-07-31,38.13977754629047,27.56737648819454,32.8535770172425,3.0,47.60927478848779,35.55955222493414,7,July,Summer
2024-08-01,37.00751030455756,26.616675553774087,31.812092929165825,4.0,49.878192436202696,24.42498044978349,8,August,Summer
2024-08-02,33.87863248305088,24.067794029835085,28.973213256442982,5.0,41.0276133538299,23.856894160812605,8,August,Summer
2024-08-03,36.86805874320955,26.41267721091359,31.640367977061572,8.0,33.67045915313363,22.625101869489647,8,August,Summer
2024-08-04,32.03506262990653,22.49875775862907,27.266910194267798,7.0,42.04136261206387,22.888052360838405,8,August,Summer
2024-08-05,33.40121638192353,23.543307545967536,28.472261963945535,5.0,37.21741527856375,24.12664670875458,8,August,Summer
2024-08-06,32.40953389425224,22.700752022949704,27.555142958600975,4.0,33.97117690656887,26.340763800002023,8,August,Summer
2024-08-07,33.86109060769929,23.811966124067496,28.836528365883392,6.0,45.17784425120814,26.58011397335142,8,August,Summer
2024-08-08,40.305252984291194,28.91645784428709,34.61085541428914,8.0,34.0684052536254,21.608880144042313,8,August,Summer
2024-08-09,27.501331566406463,18.62169068196151,23.061511124183987,28.28550861902516,25.850688226497205,24.27486628525342,8,August,Summer
2024-08-10,34.89987483585482,24.48811872163011,29.693996778742463,3.0,27.944376675608545,23.602052202977998,8,August,Summer
2024-08-11,27.73710867834773,18.704738201061524,23.220923439704627,2.0,25.229768405931875,31.30618196748435,8,August,Summer
2024-08-12,30.889896401898255,21.173055521371914,26.031475961635085,3.0,43.61989629795364,26.210940323027227,8,August,Summer
2024-08-13,35.29933305540055,24.645962697220128,29.97264787631034,9.0,42.536822781518204,25.15614615143791,8,August,Summer
2024-08-14,31.948545103135856,21.909977091678577,26.929261097407217,5.0,41.93158101247271,22.099363894317847,8,August,Summer
2024-08-15,28.24221102429857,18.888857891056155,23.565534457677362,3.0,46.7029601850535,26.268774828086464,8,August,Summer
2024-08-16,29.045874120423626,19.475056345979606,24.260465233201614,7.0,52.650177589888195,22.36774133235619,8,August,Summer
2024-08-17,32.943602017617046,22.53584336825624,27.739722692936645,7.0,34.718579031267566,23.926987244080326,8,August,Summer
2024-08-18,28.423501068087255,18.861721047117538,23.642611057602394,5.0,44.62241083980296,22.765248131853596,8,August,Summer
2024-08-19,30.970623589062978,20.840748435313795,25.905686012188387,3.0,24.683633913293868,28.00603941439919,8,August,Summer
2024-08-20,30.161551788626955,20.13420868468467,25.147880236655812,8.0,54.19482362972371,23.391387342356353,8,August,Summer
2024-08-21,27.77065309935635,18.161613307919836,22.966133203638094,6.0,27.893156578218786,24.84091587794828,8,August,Summer
2024-08-22,35.855022421453256,24.568655967858056,30.211839194655656,6.0,33.180225810319016,33.77093148140119,8,August,Summer
2024-08-23,31.019890937123208,20.639539523732402,25.829715230427805,6.0,34.249353058022265,23.72582627843639,8,August,Summer
2024-08-24,22.73494792703708,13.950033479031644,18.34249070303436,7.0,24.91500875290879,26.238550416314222,8,August,Summer
2024-08-25,29.059369743699367,18.94749715483771,24.003433449268538,2.0,40.460618788737335,25.520319543878955,8,August,Summer
2024-08-26,26.201759782007265,16.5988316608683,21.400295721437782,1.0,42.236932460000865,23.0009080341506,8,August,Summer
2024-08-27,30.429105537518005,19.917645536640272,25.17337553707914,7.0,38.1726852551011,30.88295405402638,8,August,Summer
2024-08-28,25.176597088781197,15.652109531840818,20.414353310311007,4.0,24.63918046238139,23.473117147720473,8,August,Summer
2024-08-29,26.890065290194656,16.958907155074797,21.924486222634727,3.0,59.856268036816445,26.42946060586176,8,August,Summer
2024-08-30,28.427208090356043,18.12421572296777,23.275711906661904,4.0,45.501382351269335,27.424322868321347,8,August,Summer
2024-08-31,29.185435227000973,18.665982110498902,23.925708668749937,2.0,66.34388726340484,28.356226411665236,8,August,Summer
2024-09-01,22.66125159754921,13.381429441782675,18.02134051966594,2.0,31.949092806413272,29.332063895561227,9,September,Summer
2024-09-02,24.93075267794697,15.131453419451539,20.031103048699254,8.0,49.58345224217195,25.047913567368003,9,September,Summer
2024-09-03,24.17977757050145,14.464744757198023,19.32226116384974,5.0,47.80773864914797,23.724708039118706,9,September,Summer
2024-09-04,23.313322156839003,13.705319696383231,18.509320926611117,34.22629093097292,37.1255405459151,30.185620681389423,9,September,Summer
2024-09-05,30.236806330462002,19.177533786293345,24.707170058377674,24.32948004014815,54.16400954842913,27.676329663797105,9,September,Summer
2024-09-06,25.821058537495112,15.578069510918539,20.699564024206826,4.0,36.02752000091863,32.962847521159915,9,September,Summer
2024-09-07,20.487766445790786,11.244296818391813,15.8660316320913,1.0,36.50672766787489,32.609015973179666,9,September,Summer
2024-09-08,26.687043637035856,16.13632646880299,21.411685052919424,6.0,20.0,33.338083810365966,9,September,Summer
2024-09-09,29.961800305549147,18.688506587341568,24.325153446445356,3.0,44.29163063567931,27.460140886844684,9,September,Summer
2024-09-10,26.353536040423784,15.734056884093096,21.04379646225844,5.0,26.99791203529621,26.23925187635129,9,September,Summer
2024-09-11,18.357874040535464,9.26949602010787,13.813685030321667,7.0,34.803311708003044,32.11589396495161,9,September,Summer
2024-09-12,21.122261330452872,11.412801774172625,16.267531552312747,3.0,30.111674207117538,27.339335818390605,9,September,Summer
2024-09-13,26.03391358999377,15.273766900481796,20.65384024523778,5.0,36.78071777670425,25.411848452996097,9,September,Summer
2024-09-14,19.76772659948764,10.19232827885891,14.980027439173275,5.0,44.95679319872595,34.11017576013871,9,September,Summer
2024-09-15,22.879187869107945,12.612896212220207,17.746042040664076,2.0,40.710137193457435,35.21969848712503,9,September,Summer
2024-09-16,23.52816770760387,13.063387275546269,18.29577749157507,1.0,47.781614151960966,27.702046645941593,9,September,Summer
2024-09-17,18.079653245356365,8.635811528303213,13.357732386829788,6.0,53.4336996784103,25.004889287162797,9,September,Summer
2024-09-18,20.33779273635726,10.373507949994341,15.355650343175801,2.0,37.18734410138353,27.111093726724295,9,September,Summer
2024-09-19,10.448337917566556,2.393098321608,6.420718119587278,3.0,36.19319725393579,32.837061804762264,9,September,Summer
2024-09-20,16.75469713822337,7.369329723023943,12.062013430623658,3.0,50.665348788077246,36.34342766922303,9,September,Summer
2024-09-21,18.72592674127787,8.877467632113767,13.801697186695819,3.0,51.573351728561384,25.915953058156994,9,September,Summer
2024-09-22,15.396205794014843,6.144875703193754,10.770540748604299,4.0,48.729164104571964,25.159673680734265,9,September,Summer
2024-09-23,23.69296836447905,12.71352158212007,18.20324497329956,9.0,31.927378261022575,35.33685918154164,9,September,Summer
2024-09-24,14.161846281448838,5.019931108225217,9.590888694837027,4.0,45.80712490068335,27.34010086116299,9,September,Summer
2024-09-25,16.789131543565063,7.053158235583252,11.921144889574158,4.0,42.81214627676622,28.80114654555921,9,September,Summer
2024-09-26,18.159041589424387,8.08059724305273,13.11981941623856,5.0,52.38501315744391,42.14261269682538,9,September,Summer
2024-09-27,21.748856318146732,10.884092344707064,16.316474331426896,8.0,36.27866171157765,25.286597355735154,9,September,Summer
2024-09-28,12.776429608064193,3.6379468987718564,8.207188253418025,4.0,25.49427015930987,30.18432967139554,9,September,Summer
2024-09-29,20.23335099769455,9.535452746401573,14.884401872048063,1.0,49.22101780493544,25.35822422153218,9,September,Summer
2024-09-30,16.43536746854752,6.429227631935766,11.432297550241643,6.0,20.0,27.33812519354165,9,September,Summer
2024-10-01,13.122016250984622,3.7109214416133938,8.416468846299008,6.0,35.33573886644476,33.135974458007574,10,October,Fall
2024-10-02,17.115892113993894,6.838630029435932,11.977261071714913,3.0,32.59276572130099,27.83883094119651,10,October,Fall
2024-10-03,15.991065682108172,5.871629864764088,10.93134777343613,3.0,32.70431146039198,54.359174697166566,10,October,Fall
2024-10-04,13.258905758904909,3.6190358852001867,8.438970822052548,4.0,35.69731717775947,29.093390814335915,10,October,Fall
2024-10-05,14.936096400409912,4.894215149415901,9.915155774912908,3.0,55.550323170200144,26.932327761346812,10,October,Fall
2024-10-06,13.239445705430398,3.4706338635474543,8.355039784488927,1.0,51.77602312401544,26.231817630868687,10,October,Fall
2024-10-07,14.406295650283942,4.338185243133194,9.372240446708568,1.0,41.25191199992773,27.13709190315583,10,October,Fall
2024-10-08,15.724251204846604,5.326972800133977,10.525612002490291,4.0,55.30901295509695,27.29691219401048,10,October,Fall
2024-10-09,18.169880803945453,7.218270714258241,12.694075759101848,2.0,33.558115313200716,25.306995642320203,10,October,Fall
2024-10-10,9.374307250104788,0.1169965494008971,4.7456518997528425,6.0,32.411249121112895,27.23936756252775,10,October,Fall
2024-10-11,19.16482550937345,7.885005484579692,13.524915496976572,2.0,53.24767005478714,28.031471722266954,10,October,Fall
2024-10-12,6.589577297353201,-2.2391700229332985,2.1752036372099512,3.0,50.63031612365522,31.300733291588013,10,October,Fall
2024-10-13,11.672839181763921,1.7639102387852708,6.718374710274595,3.0,40.45792423023566,30.20566384151484,10,October,Fall
2024-10-14,13.577832443141308,3.224842119250562,8.401337281195936,6.0,33.937050603738975,30.997400656833157,10,October,Fall
2024-10-15,12.342968803814019,2.1743736831729996,7.2586712434935095,2.0,60.12443798446115,24.83813118501548,10,October,Fall
2024-10-16,9.321525753528315,-0.304854534579329,4.508335609474493,0.0,28.56584204488632,25.987482049475396,10,October,Fall
2024-10-17,10.257499378758993,0.38237272897335806,5.319936053866176,5.0,40.02657410553145,30.140060773646802,10,October,Fall
2024-10-18,9.097807042546222,-0.6063923966584777,4.245707322943872,1.0,48.54470993070562,27.987517377290764,10,October,Fall
2024-10-19,8.506451586993562,-1.139929558839912,3.683261014076825,1.0,64.53277570765553,24.661343697568856,10,October,Fall
2024-10-20,12.523970022147562,2.0142087639349486,7.269089393041256,5.0,50.598309755886625,32.748015647329986,10,October,Fall
2024-10-21,10.74979863757809,0.5355893459990624,5.642693991788576,3.0,51.830455309433354,31.946643611223845,10,October,Fall
2024-10-22,7.306670250979375,-2.2775839918642333,2.5145431295575706,3.0,41.59751698071518,28.458620205932892,10,October,Fall
2024-10-23,11.793990855486738,1.2542309302267873,6.524110892856763,2.0,53.24386728392862,24.771486583786352,10,October,Fall
2024-10-24,9.730113314426303,-0.4542663980996623,4.63792345816332,1.0,48.883555806488346,31.64200174250421,10,October,Fall
2024-10-25,10.963140998430394,0.4754237271270172,5.7192823627787055,0.0,32.220820856609144,28.689148133338385,10,October,Fall
2024-10-26,10.133181479921369,-0.24459582523279777,4.944292827344285,3.0,56.313343065855044,31.858290432057338,10,October,Fall
2024-10-27,5.480533702735329,-4.0220692907114275,0.7292322060119507,3.0,58.369898772646145,31.14237056512916,10,October,Fall
2024-10-28,6.013764880142536,-3.6501264957392823,1.1818191922016268,3.0,56.98494422485922,32.22885664020181,10,October,Fall
2024-10-29,9.666624523453097,-0.781751639620861,4.442436441916118,1.0,49.57317582589204,27.682697525001227,10,October,Fall
2024-10-30,8.990016531569124,-1.3762056276909558,3.806905451939084,0.0,39.969919021192524,24.714394445771212,10,October,Fall
2024-10-31,6.834168073925854,-3.1532909696956573,1.8404385521150983,3.0,26.734743810109265,29.441454652765444,10,October,Fall
2024-11-01,6.9907048656556805,-3.0796915643295883,1.955506650663046,1.0,51.695025050814955,28.64428007441178,11,November,Fall
2024-11-02,10.217526497824956,-0.5490724396480995,4.834227029088428,1.0,61.24474379509273,30.4959507952352,11,November,Fall
2024-11-03,4.359661295752968,-5.285395870945534,-0.46286728759628293,3.0,60.684319272773784,24.562352391816674,11,November,Fall
2024-11-04,7.529619941366565,-2.7986384873354577,2.365490727015554,0.0,59.196141599130264,24.627632669802455,11,November,Fall
2024-11-05,5.039883769179087,-4.838800639360576,0.10054156490925559,1.0,50.60237836349746,34.50751429443793,11,November,Fall
2024-11-06,4.755805308588587,-5.11358596947508,-0.17889033044324654,2.0,62.53076968806863,30.29028258854242,11,November,Fall
2024-11-07,8.471890338989656,-2.1873757722026586,3.1422572833934987,2.0,61.21185845443955,35.2058088069669,11,November,Fall
2024-11-08,7.4229124963239235,-3.0723373130688945,2.1752875916275145,1.0,48.06039626791227,30.274269527573068,11,November,Fall
2024-11-09,7.162756652191058,-3.325349129409325,1.9187037613908666,43.60283766770907,59.371489308345005,27.610820293095024,11,November,Fall
2024-11-10,8.418755594122175,-2.3645316901704216,3.0271119519758765,0.0,47.56688610237964,28.270329690620784,11,November,Fall
2024-11-11,4.350014423323989,-5.662587881655666,-0.6562867291658385,2.0,58.64978432428695,33.853389601785416,11,November,Fall
2024-11-12,6.1222016382325855,-4.2869701445443935,0.917615746844096,3.0,40.58344032314203,27.072158089690593,11,November,Fall
2024-11-13,2.9396008038007384,-6.874239142243188,-1.9673191692212249,4.0,41.679457420145,27.642567567562455,11,November,Fall
2024-11-14,4.641738028547012,-5.552761782946053,-0.4555118771995206,4.0,64.81242181182688,23.3775071420728,11,November,Fall
2024-11-15,3.082486862418758,-6.839427304960632,-1.8784702212709368,3.0,63.936438071365544,25.623741637569413,11,November,Fall
2024-11-16,3.5724783066054253,-6.485719272390206,-1.4566204828923903,3.0,61.22904950343455,28.596477045222027,11,November,Fall
2024-11-17,4.880489929249474,-5.476604286012675,-0.2980571783816006,1.0,56.10623289040931,23.756783871409553,11,November,Fall
2024-11-18,0.45889455530304657,-9.05017303475687,-4.295639239726912,26.65814141909037,31.648825429675178,23.185662372230738,11,November,Fall
2024-11-19,9.01431926605815,-2.241113099353125,3.3866030833525125,2.0,55.149150620562715,23.815938353746272,11,November,Fall
2024-11-20,-0.4521785186855398,-9.848568089785719,-5.150373304235629,44.21428395860558,60.7772974750335,23.18980063544189,11,November,Fall
2024-11-21,-1.2428099178339092,-10.51429675016127,-5.87855333399759,2.0,51.22680464077453,22.890440027098087,11,November,Fall
2024-11-22,5.713186167910345,-4.981680356189695,0.3657529058603246,6.0,49.78888165863201,24.31719291267303,11,November,Fall
2024-11-23,4.458202267190631,-6.01679534918713,-0.7792965409982493,1.0,71.69862843927162,33.34161191621008,11,November,Fall
2024-11-24,3.8052434046627814,-6.5692284855685115,-1.381992540452865,2.0,56.99294918809683,24.824463643751507,11,November,Fall
2024-11-25,3.672943925908514,-6.704063379650054,-1.5155597268707701,3.0,62.4859177474751,22.193630451854578,11,November,Fall
2024-11-26,1.6115871602713876,-8.381064776020464,-3.3847388078745384,23.429458330011798,66.02201864144472,21.416717386691452,11,November,Fall
2024-11-27,-1.177577558319364,-10.639224935427865,-5.9084012468736145,7.0,48.60958069890281,26.834059247193967,11,November,Fall
2024-11-28,1.6129350538215912,-8.432547681094645,-3.409806313636527,1.0,60.899680882676854,23.15052346209239,11,November,Fall
2024-11-29,-0.7691120604449635,-10.362815033537697,-5.5659635469913304,3.0,72.50801271231808,29.22100482970979,11,November,Fall
2024-11-30,4.070136332444842,-6.514935507605808,-1.2223995875804832,47.98347798386759,77.8479647098805,25.839263284690333,11,November,Fall
2024-12-01,0.5915962552501505,-9.320169315848567,-4.364286530299208,6.0,60.39936397214692,28.261398317660955,12,December,Fall
2024-12-02,-1.5501115229864446,-11.054813204910937,-6.302462363948691,5.0,57.96483164964593,21.7475244694304,12,December,Fall
2024-12-03,-0.13851386470490723,-9.94568235971311,-5.0420981122090085,5.0,63.37867291383026,25.90652567546983,12,December,Fall
2024-12-04,1.9693833915439,-8.278375481021474,-3.154496044738787,3.0,63.46876381474027,21.39577398175531,12,December,Fall
2024-12-05,-1.0499293188932066,-10.711694587210822,-5.880811953052014,2.0,75.24362919735793,33.7016183734939,12,December,Fall
2024-12-06,-1.9090251192805177,-11.41569288194066,-6.662359000610588,8.0,51.75537908307825,24.617217866703392,12,December,Fall
2024-12-07,1.2108506218283712,-8.935361705066777,-3.862255541619203,3.0,59.263303087288485,21.366785796184253,12,December,Fall
2024-12-08,1.142625880416368,-9.004354062248865,-3.9308640909162484,4.0,51.23274762922195,20.820214832277287,12,December,Fall
2024-12-09,-1.1793605657130337,-10.875194660490356,-6.027277613101695,6.0,52.62462658428952,20.15288767961969,12,December,Fall
2024-12-10,-1.1320779161315742,-10.84945493276058,-5.990766424446077,6.0,66.85191656467687,24.867237820352074,12,December,Fall
2024-12-11,0.9225980074261015,-9.21663195498848,-4.14701697378119,3.0,71.52444129999981,20.01115996972726,12,December,Fall
2024-12-12,-4.166534304361064,-13.29768369946267,-8.732109001911867,2.0,57.27061725942743,23.140223792943402,12,December,Fall
2024-12-13,-4.0875283084779515,-13.24305004385202,-8.665289176164986,8.0,71.82303788712527,19.99306483175283,12,December,Fall
2024-12-14,-2.0574388857712567,-11.626372353019795,-6.841905619395526,4.0,75.55421683140298,23.717172364303718,12,December,Fall
2024-12-15,-0.5735194902189427,-10.445451199191835,-5.509485344705388,4.0,84.12051530445288,26.56643898580645,12,December,Fall
2024-12-16,0.9743794794861717,-9.212165059872632,-4.11889279019323,4.0,65.80453439073423,25.493086249904323,12,December,Fall
2024-12-17,4.448474339147985,-6.436739391021746,-0.9941325259368803,1.0,59.04151787624076,24.955656122624767,12,December,Fall
2024-12-18,2.5820532558589138,-7.932542518062298,-2.675244631101692,10.0,55.74492934155322,18.67622058893975,12,December,Fall
2024-12-19,-0.4781487629850382,-10.382185645006983,-5.43016720399601,6.0,55.08049251392683,17.932909149834767,12,December,Fall
2024-12-20,-0.056863418431870344,-10.045453693690257,-5.051158556061064,2.0,78.92320024788334,23.30543182059203,12,December,Fall
2024-12-21,-3.0029581335112425,-12.401440514728558,-7.7021993241199,7.0,51.59950456232577,19.432286277996848,12,December,Fall
2024-12-22,-0.04053963277083912,-10.029431751175405,-5.034985691973122,6.0,79.25100730003945,19.797946896142204,12,December,Fall
2024-12-23,-0.8346843398716991,-10.661489156519616,-5.748086748195658,48.02433791002027,58.710080565291975,16.95588856456214,12,December,Fall
2024-12-24,1.0216562188511578,-9.171974917351696,-4.075159349250269,0.0,60.861206146278086,18.13073458277641,12,December,Fall
2024-12-25,-2.4000727536005515,-11.903734187469158,-7.1519034705348545,4.0,66.51420523401967,16.62927454533664,12,December,Fall
2024-12-26,1.6736814048444764,-8.637926503700227,-3.482122549427875,5.0,61.307326556581216,26.854987894209756,12,December,Fall
2024-12-27,4.753772550649086,-6.1658707971524604,-0.7060491232516872,3.0,77.97530940060437,17.511170986191676,12,December,Fall
2024-12-28,-0.12493034711763484,-10.05967425804352,-5.092302302580578,5.0,87.09802635463595,20.02010201744952,12,December,Fall
2024-12-29,1.458146318417097,-8.782880714842268,-3.662367198212585,47.24705630027667,62.69668384252564,15.972661550737358,12,December,Fall
2024-12-30,2.380955640091492,-8.033130754935176,-2.826087557421842,7.0,65.2522984106695,21.097905821730475,12,December,Fall
2024-12-31,-0.8297908210896967,-10.589058537958195,-5.709424679523946,7.0,68.24230293036055,17.380844327206965,12,December,Fall
