Age,Monthly_Charges,Total_Charges,Tenure_Months,Contract_Type,Support_Calls,Data_Usage_GB,Churn,Contract_Label
56,89.240244639153,446.201223195765,47,1,3,29.12478357655535,0,One year
69,51.52116547251485,3348.8757557134654,35,1,3,32.23282600079799,0,One year
46,55.00162002341953,1650.0486007025859,19,2,4,28.27875357108984,0,Two year
32,69.04694120360094,1449.9857652756198,8,1,0,37.17648001343708,0,One year
60,22.609255711104428,1582.64789977731,26,1,3,17.444852967804167,0,One year
25,61.87029152581318,1361.14641356789,71,0,1,38.49022299002341,1,Month-to-month
38,47.488240909550804,1519.6237091056257,30,2,2,22.20558700370149,0,Two year
56,62.574655783128904,2064.963640843254,7,2,5,24.725040417807243,0,Two year
36,35.569077136502656,569.1052341840425,67,2,0,32.7570042357925,0,Two year
40,135.76854649618633,5159.20476685508,65,1,1,1.8995608159619741,1,One year
28,97.16701896202633,1360.3382654683687,36,2,3,33.04571684959217,0,Two year
28,108.28330148878365,3898.1988535962114,25,2,3,31.310672304533654,1,Two year
41,122.59226101895398,2819.6220034359417,37,0,1,16.182508720910718,0,Month-to-month
53,84.79748586077744,5596.634066811312,1,0,0,5.203919960074985,0,Month-to-month
57,31.29963745136508,62.59927490273016,15,0,3,5.455837045739016,1,Month-to-month
41,89.8238504364112,5838.550278366728,37,1,3,46.2379636022762,0,One year
20,96.28934534271428,6451.3861379618575,13,2,0,34.77468674006602,0,Two year
39,116.9071316439629,6079.170845486071,8,0,2,7.2280280747662795,0,Month-to-month
19,76.11574100985831,4719.175942611215,5,0,0,18.479435296136412,1,Month-to-month
41,36.58543936342329,841.4651053587356,60,0,4,30.031666701178224,0,Month-to-month
61,56.89086775383418,1479.1625615996886,1,2,0,41.94301354944179,1,Two year
47,67.20069853182255,4569.647500163934,36,2,2,3.139385506937418,0,Two year
55,103.96924137310816,5718.308275520949,35,2,1,12.595023442030435,0,Two year
19,94.20117960695855,565.2070776417513,66,1,0,44.59770052447362,0,One year
38,66.29257436672,2320.2401028352,63,1,1,1.4491119590070078,1,One year
50,148.24698234308735,3261.433611547922,23,0,2,10.868556036900483,0,Month-to-month
29,98.75072651639533,4246.281240204999,9,2,5,47.99218462267533,0,Two year
39,50.83948292567928,762.5922438851892,34,0,1,31.056690479586386,1,Month-to-month
61,33.231721440652485,1993.903286439149,46,2,3,13.821896965237816,0,Two year
42,39.871688093963165,478.46025712755795,4,2,1,4.2825636253965325,0,Two year
66,51.97450468998606,2546.750729809317,30,2,5,2.3813756819138856,0,Two year
44,40.88857852374224,1717.320297997174,3,1,2,12.992508902209437,0,One year
59,44.25371312666975,1681.6410988134505,14,1,0,44.19280515985661,0,One year
45,57.06237193020012,2567.8067368590055,60,2,1,21.379769060577964,0,Two year
33,42.53856738831813,1488.8498585911345,45,0,2,36.296335089133656,1,Month-to-month
32,136.57950520143527,4097.385156043058,34,2,0,45.995966733617934,0,Two year
64,30.430386936013488,912.9116080804047,45,2,1,20.993982618538013,0,Two year
68,88.18648064413311,529.1188838647987,61,0,3,10.372591180832456,0,Month-to-month
61,73.351587508656,4914.556363079952,16,2,0,26.338778611989056,0,Two year
69,147.70922019811883,1033.9645413868318,66,0,0,45.496100665932865,1,Month-to-month
20,34.565057281846805,1797.3829786560339,40,1,2,40.41434629274733,0,One year
54,71.72122787594641,1004.0971902632498,17,1,2,4.225662324794536,1,One year
68,146.03115632579795,2190.4673448869694,34,0,2,34.93606720380151,1,Month-to-month
24,132.51592636621743,2782.834453690566,16,1,4,29.022978600488734,0,One year
38,126.21936922340639,4417.677922819224,60,1,3,45.46569564097485,1,One year
26,53.52736751584218,3532.8062560455837,66,0,1,7.001589425664564,1,Month-to-month
56,42.21538636070856,84.43077272141711,66,1,3,27.167769547028172,0,One year
35,106.92361859017603,3742.3266506561613,13,2,1,44.093671982082725,0,Two year
21,140.81887858658615,2816.377571731723,56,2,3,21.09116555034541,0,Two year
42,92.37917609181088,923.7917609181088,31,0,3,24.617750968910485,1,Month-to-month
31,94.30964963108698,2357.7412407771744,34,1,2,4.452573205680956,1,One year
67,56.39728217583694,3722.220623605238,39,2,3,14.62903838199663,0,Two year
26,120.03408131495179,3000.852032873795,67,2,2,16.90082580927842,0,Two year
43,44.31568731247803,2393.047114873814,8,1,3,47.31099998849946,1,One year
19,62.078300732551675,2048.583924174205,55,1,1,14.850700666516794,0,One year
37,75.30673702013418,2711.0425327248304,27,2,3,23.582568028212947,0,Two year
45,85.98934922897915,1203.8508892057082,53,2,2,33.89391675464971,0,Two year
64,51.51326521396043,3348.362238907428,39,0,4,8.946985247985992,1,Month-to-month
24,34.92878721609646,1886.154509669209,65,0,3,24.83567696995185,1,Month-to-month
61,99.38060551741223,5167.791486905437,17,2,1,37.18841293431947,0,Two year
25,57.52197192123325,172.56591576369976,30,0,1,43.47590543832624,0,Month-to-month
64,95.56096878493959,3917.999720182523,53,2,2,31.68670445845891,0,Two year
52,40.0671529856463,240.40291791387781,13,2,4,33.78362225053045,0,Two year
31,82.54821324112626,2063.7053310281567,21,0,2,7.187890156643879,0,Month-to-month
34,89.23662623170617,1160.0761410121802,19,0,3,47.34304836507101,1,Month-to-month
53,26.7370597869155,213.896478295324,53,1,1,7.496129796739636,1,One year
67,63.758556165209676,1338.9296794694033,19,1,2,38.95897392190812,1,One year
57,37.47390800206665,2548.2257441405322,57,1,4,13.975999767137623,0,One year
21,28.238746161459808,705.9686540364952,25,2,4,46.74606404136133,0,Two year
19,148.69483021069288,10111.248454327117,31,0,1,36.278017429104494,1,Month-to-month
23,61.90599984671399,2785.7699931021293,55,2,3,37.93687193594008,0,Two year
59,125.28367796110253,7517.020677666152,23,0,0,11.733899479934282,1,Month-to-month
21,53.1032851192893,637.2394214314717,32,2,2,22.70895885512288,0,Two year
46,108.59535388911081,3475.051324451546,62,1,5,31.272846534875033,1,One year
35,118.82962178565926,1544.7850832135703,10,1,1,38.728707292123445,1,One year
43,97.43303627901976,3020.4241246496126,54,1,2,6.094009419707089,0,One year
61,81.30490451152059,1626.0980902304118,52,2,2,48.15590050627189,0,Two year
51,73.53931883914491,1323.7077391046084,20,0,0,44.62081285717324,0,Month-to-month
27,65.3528746505894,3921.1724790353637,32,0,3,14.247080934283634,1,Month-to-month
53,140.83878875221734,8872.843691389693,14,1,1,41.315251908584266,0,One year
31,127.98052301240479,767.8831380744288,50,1,4,26.39787222895135,1,One year
48,145.45349838664663,4654.511948372692,28,1,5,23.628517596538913,0,One year
65,36.158639053120815,1554.821479284195,53,1,3,16.407271184758866,0,One year
32,115.01277177647376,230.0255435529475,24,0,2,29.46746074494803,1,Month-to-month
25,141.98425938673492,8519.055563204096,22,2,0,36.76456676747629,0,Two year
31,43.56029860153582,1001.8868678353239,30,2,3,21.135712343175154,1,Two year
40,28.644514757681073,887.9799574881132,63,2,1,31.831740457406312,0,Two year
57,116.34568440770768,581.7284220385384,4,2,1,35.26633313660988,1,Two year
38,94.68150471338855,3219.1711602552105,59,1,1,35.84496903374901,0,One year
33,129.43774097857536,1294.3774097857536,8,1,1,3.5463388084278322,1,One year
62,38.170408961417635,76.34081792283527,12,1,2,43.127642478568276,0,One year
35,123.38475054178572,1357.232255959643,31,2,2,23.454412423487348,0,Two year
64,46.21155160620679,2310.5775803103393,34,1,1,13.858388003114507,0,One year
41,41.27527257254158,1279.533449748789,49,1,0,12.846460866504398,0,One year
43,41.354553731029085,2315.8550089376286,57,0,5,24.667691529353572,0,Month-to-month
42,125.89471363007968,1133.052422670717,26,0,0,44.454745433979,0,Month-to-month
62,106.47563869050602,2235.9884125006265,18,1,0,19.5390315024497,1,One year
58,87.99850521998552,2463.9581461595944,38,0,1,37.73656159239362,0,Month-to-month
46,66.64796293605532,4132.17370203543,50,0,1,5.744117818373711,0,Month-to-month
32,134.03607030570407,938.2524921399286,8,1,3,24.326778405402028,0,One year
62,71.01786396494259,1136.2858234390815,41,1,1,49.592620879244045,0,One year
18,126.15792713130502,504.63170852522006,6,1,0,38.751452336824514,1,One year
42,77.08753811412839,308.35015245651357,69,1,1,11.315895933590037,0,One year
24,69.00277582523799,2760.11103300952,44,2,4,25.570632211197623,1,Two year
26,80.14837213704884,1362.5223263298303,64,2,2,12.447613418779762,1,Two year
41,59.17912364133847,3077.3144293496007,29,1,0,21.068485435862954,0,One year
18,117.18921942291264,6093.839409991458,28,0,3,39.224117163013275,0,Month-to-month
61,85.35365071202229,3072.7314256328023,11,1,1,38.790015949229776,1,One year
25,50.18765036908625,1907.1307140252775,65,1,1,12.17691851721687,1,One year
41,136.9446945256939,6847.234726284695,19,0,0,46.188942589588144,0,Month-to-month
28,69.90585877851748,4404.069103046601,9,2,3,30.035840955476512,1,Two year
68,90.66187194481851,5711.697932523566,27,1,1,19.61629025713871,1,One year
34,137.8413744253911,8546.165214374249,34,1,0,25.594843458262172,1,One year
25,101.15093946881898,708.0565762817329,44,2,2,30.648491418449442,1,Two year
52,35.19674529208733,950.3121228863579,68,2,3,28.434636060443484,0,Two year
52,142.17817606975177,1990.4944649765248,15,0,1,24.833846741272733,1,Month-to-month
50,101.60204689928432,7213.745329849186,51,2,5,25.741707400380605,0,Two year
22,63.537729905421195,317.68864952710595,13,2,3,9.644183610966422,0,Two year
59,38.105369446240346,2095.795319543219,49,2,3,40.82391231092929,0,Two year
56,123.22327460513847,246.44654921027694,70,0,4,27.54625567710975,1,Month-to-month
58,100.60945827070675,6237.786412783818,56,2,1,7.422913223530451,0,Two year
45,89.3499419569218,1876.3487810953577,51,2,2,38.54169797755612,0,Two year
24,136.2060357966245,2860.326751729114,37,0,2,46.68975494049019,1,Month-to-month
26,122.517637459189,1225.17637459189,17,2,2,47.418038062611146,1,Two year
25,39.717734365257655,2303.628593184944,58,2,2,19.081868888147465,0,Two year
29,60.52386881342127,2360.4308837234294,29,0,3,7.640326804476948,1,Month-to-month
51,52.30358817588055,261.5179408794028,33,1,3,26.40158170502019,0,One year
50,116.71301803444801,7586.346172239121,60,0,2,6.517852238111813,0,Month-to-month
65,24.35921651565132,316.6698147034671,55,2,3,46.765383507118244,0,Two year
40,94.08565903327114,4986.539928763371,10,2,1,9.995401740402153,1,Two year
41,119.11962914628977,5360.383311583039,47,2,3,13.38552713760704,0,Two year
54,133.9795327790274,4287.345048928877,23,0,5,20.925189817363552,1,Month-to-month
52,64.47062733306797,2320.942583990447,21,2,0,19.775058959397164,0,Two year
61,126.76344960736166,7605.8069764417,13,2,1,39.93848172749656,0,Two year
57,34.38212580417694,378.2033838459463,33,0,2,23.359524206997154,0,Month-to-month
39,130.03879792548736,8192.444269305704,24,1,0,9.367644740163508,0,One year
44,36.57352610315772,768.0440481663121,11,1,2,14.09328487881763,0,One year
52,71.64734777284775,3725.662084188083,17,2,0,25.94655587418858,0,Two year
18,123.64839755134197,6800.661865323808,68,0,2,8.225241953880609,1,Month-to-month
52,39.489265555340594,1026.7209044388555,47,2,1,30.97112810665469,0,Two year
54,49.80268138024339,3386.5823338565506,25,0,3,28.72161802100615,0,Month-to-month
64,113.89283389109862,3872.356352297353,21,0,2,36.02041350273063,0,Month-to-month
31,113.60474975098967,5907.446987051463,12,1,5,46.94752615358902,0,One year
20,103.34919227508865,5374.15799830461,37,1,3,45.70047349395663,1,One year
18,110.213297780723,3196.185635640967,42,0,1,47.35770528537274,0,Month-to-month
22,90.5541776351875,3441.058750137125,17,2,1,12.991064254161346,0,Two year
43,52.73387765790386,2214.822861631962,48,1,3,7.446700025328377,0,One year
31,64.94047915550954,1363.7500622657003,28,2,0,15.811558324325977,0,Two year
56,43.60770318418534,1831.5235337357842,41,1,0,44.85917346554942,0,One year
44,138.0985729733717,1795.2814486538318,47,1,1,48.63062025655093,1,One year
26,95.84093331959566,6133.8197324541225,18,2,1,43.106922602453324,1,Two year
32,72.11068417927319,1225.8816310476443,71,1,2,6.390868335249636,0,One year
32,80.06075447373725,720.5467902636352,13,1,4,47.423971904929864,0,One year
43,143.146834149536,5869.020200130976,13,2,2,21.744543340188514,0,Two year
59,39.935682405090425,39.935682405090425,31,1,6,1.4562042473553303,0,One year
30,96.20987816218364,192.41975632436728,2,1,1,22.677293296661485,0,One year
68,85.76552825498058,5145.931695298835,16,1,2,3.257389314097912,1,One year
49,99.48905060650422,4775.474429112202,9,2,1,27.65001813689476,1,Two year
56,22.354323896709268,648.2753930045687,38,0,3,17.589147344415515,1,Month-to-month
66,133.37610816273968,1333.7610816273968,54,2,3,24.198311746108388,1,Two year
69,141.1753767228696,8188.171849926437,56,0,2,31.045347676412735,1,Month-to-month
49,93.46731386659717,5608.03883199583,45,1,4,43.571253695073196,1,One year
21,110.564607103996,2321.856749183916,34,0,2,33.433177247124505,1,Month-to-month
47,139.92491955304843,3917.897747485356,9,2,3,22.268394555430852,1,Two year
54,111.94102246074182,3805.994763665222,8,2,2,41.15196482984789,0,Two year
40,39.83007557885398,318.64060463083183,7,1,2,45.37352474108348,0,One year
56,94.91748682168571,5600.1317224794575,36,0,1,6.868238355177664,0,Month-to-month
62,98.87295602977126,4844.774845458792,18,1,3,27.06471590008678,0,One year
32,75.13698726931018,1277.328783578273,3,1,3,14.941086027379763,0,One year
60,115.73775063121397,6944.265037872839,28,2,2,3.305998695970423,1,Two year
46,141.46771191997192,6366.047036398736,70,0,0,33.75878806058528,0,Month-to-month
53,140.32390667788093,9682.349560773784,44,0,1,43.27576809550205,0,Month-to-month
30,78.60911828253717,2515.4917850411894,21,0,1,8.982230069392308,0,Month-to-month
49,34.720945959298184,1527.7216222091201,28,0,5,40.80826922357112,0,Month-to-month
24,148.0293558651035,9621.908131231727,54,1,1,42.81639094331014,1,One year
68,129.05675123797144,1032.4540099037715,54,1,3,45.80268169065769,0,One year
39,36.206148556424694,1556.8643879262618,65,2,2,13.998969365216569,1,Two year
45,139.7094447402584,139.7094447402584,21,1,3,45.29370019430458,0,One year
19,133.0865270680767,6787.412880471911,13,1,4,16.71247498208518,1,One year
59,87.44894742638938,2098.774738233345,57,2,3,28.064562659319638,0,Two year
62,96.8658066468408,2324.779359524179,49,2,3,3.4748660707818244,0,Two year
23,71.87035150311694,1221.795975552988,54,2,2,3.1501733300684367,0,Two year
45,27.119013046864072,135.59506523432037,10,1,3,36.298287423877944,1,One year
45,63.57564141396712,1271.5128282793423,53,1,2,22.779518920911762,0,One year
61,124.3709483177415,2611.7899146725713,44,2,2,13.55832639309166,0,Two year
61,20.602162990598373,1194.9254534547056,47,2,5,10.3302613052206,1,Two year
37,63.354892319848744,1964.0016619153112,53,2,4,33.82772105210169,0,Two year
47,71.76193016682262,789.3812318350489,46,1,1,1.0196756572416539,0,One year
28,89.86142838192997,4672.7942758603585,13,1,2,40.48866729064586,0,One year
45,139.58123013365886,2093.718452004883,37,0,3,4.8832307003665125,1,Month-to-month
42,65.02497926757496,455.17485487302474,24,1,2,10.382991130497853,0,One year
56,65.1039162465096,1822.9096549022688,2,1,2,19.92558336965539,0,One year
50,115.8751622542673,5909.633274967632,14,1,0,24.758078246089077,0,One year
18,78.78833231567492,4569.723274309145,10,2,3,18.39476067488315,0,Two year
44,49.19862698219765,245.99313491098826,35,1,2,16.7148960842304,1,One year
69,78.81713709725014,394.08568548625067,25,2,3,48.23188459158624,0,Two year
30,38.31141264937398,306.4913011949918,3,0,2,32.43740438092632,0,Month-to-month
58,42.93030824580903,2747.539727731778,17,0,3,2.1482148130020224,1,Month-to-month
20,84.78781045613236,847.8781045613237,12,2,2,22.078619513771347,0,Two year
56,74.46030843559123,2829.4917205524666,54,2,2,43.87542628745454,0,Two year
23,138.929967138853,1111.439737110824,24,2,2,15.77135313412273,1,Two year
25,67.1112068851623,1677.7801721290575,29,1,3,5.633260893945024,0,One year
44,95.47648553614565,6301.448045385612,43,0,2,38.16085380790597,1,Month-to-month
26,102.19435742953895,5109.717871476948,25,2,1,30.694677764867983,0,Two year
54,21.702279356483373,1454.052716884386,60,1,1,28.94531288349869,0,One year
50,106.25985836217238,5206.733059746447,65,0,3,3.6252514207629885,1,Month-to-month
68,43.14467569306768,1553.2083249504367,28,1,0,7.884451479980349,0,One year
59,144.93914127102917,9855.861606429984,16,0,0,31.504920414442577,0,Month-to-month
61,39.326154607904684,1612.372338924092,47,1,3,11.183368231482955,1,One year
41,73.90113608451308,4581.8704372398115,58,0,2,25.69943390767279,0,Month-to-month
32,31.0954568502237,310.954568502237,27,0,2,27.699202615440278,1,Month-to-month
49,149.59365273997315,3141.4667075394364,53,1,0,14.89185232327603,1,One year
49,85.28535134306154,3070.272648350215,42,2,2,47.47283262153315,0,Two year
41,97.40005225160569,1168.8006270192682,59,0,1,42.280741234943186,0,Month-to-month
58,28.719942060495573,57.439884120991145,47,2,2,36.39630187400713,0,Two year
69,117.49486115189312,1527.4331949746106,34,1,3,4.821699454061045,1,One year
66,47.287727102426146,2506.2495364285855,37,2,1,6.200370946141953,0,Two year
66,136.7470576272928,4375.90584407337,6,2,5,25.14628594738283,1,Two year
69,46.66815326266094,746.690452202575,7,2,1,8.8749541103583,0,Two year
29,44.78940368627666,1433.260917960853,25,2,2,48.93500771294423,0,Two year
56,24.751456820252336,792.0466182480748,33,2,2,8.767491467343064,1,Two year
19,81.3687028642999,895.055731507299,55,0,1,24.885923937734724,0,Month-to-month
20,93.42934732414014,934.2934732414014,58,0,3,18.841931785233765,0,Month-to-month
66,28.54212312568581,428.13184688528713,7,0,1,32.329934651250795,0,Month-to-month
54,120.81859017035137,2053.9160328959733,57,1,1,7.322784035581821,0,One year
66,78.9275485172436,3157.101940689744,12,2,1,22.085504974077153,0,Two year
34,88.17073501258541,1587.0732302265374,16,0,1,14.46054660755004,1,Month-to-month
66,77.29915710196966,4251.453640608331,43,1,4,44.49982470891271,0,One year
19,72.09919791379238,1802.4799478448094,7,0,0,2.9886998946000594,1,Month-to-month
19,92.75324307006832,5472.441341134031,51,0,1,45.772647206316506,0,Month-to-month
45,40.18123197099263,883.9871033618379,32,2,1,41.81671278909702,0,Two year
40,43.65065696438525,1309.5197089315575,8,1,1,15.580965105599958,1,One year
54,132.03213073175726,5809.41375219732,45,2,1,39.675242079178126,0,Two year
49,142.99501007737226,4575.840322475912,59,2,1,2.5294644565986304,0,Two year
50,68.53021111636788,3495.040766934762,4,0,0,48.37641196437629,1,Month-to-month
18,55.19680750866199,2539.0531453984518,67,2,3,26.803152186899677,1,Two year
36,103.71994062107206,2178.118753042513,29,1,0,15.860770277206818,0,One year
19,73.13544224275253,2340.334151768081,29,2,3,18.766577417139178,0,Two year
61,23.300226235844832,908.7088231979485,28,2,1,4.253862319564371,0,Two year
43,40.29983765760475,483.598051891257,44,2,6,49.47812618805992,0,Two year
49,113.07638975016168,5314.590318257599,4,0,1,2.92530531238393,1,Month-to-month
23,105.66011244831968,1901.8820240697542,9,1,2,33.09044903424509,1,One year
49,23.522479025452853,493.9720595345099,5,0,1,22.69406045761646,1,Month-to-month
21,48.85638105128343,635.1329536666846,56,0,1,47.496894691247036,1,Month-to-month
28,50.03972355644928,1050.834194685435,50,0,4,13.053987275032963,1,Month-to-month
34,107.34605666783469,858.7684533426775,15,0,1,27.072254372962554,1,Month-to-month
55,22.56236990806734,1037.8690157710976,32,0,2,24.635454220554895,0,Month-to-month
41,33.5341156579946,234.7388096059622,28,1,3,35.440455758454966,0,One year
22,123.98909109851462,2851.7490952658363,22,2,0,4.332501365668605,1,Two year
69,43.21080606706337,950.6377334753943,17,0,1,10.495667371144387,1,Month-to-month
51,104.85699402074371,2306.853868456362,59,0,1,11.513676184549642,1,Month-to-month
23,50.96376153607444,1477.949084546159,71,1,1,37.169386987242795,0,One year
39,32.92738105871487,428.05595376329336,57,1,3,10.267796120010264,1,One year
28,51.61238482992903,103.22476965985805,26,2,1,29.101096430657858,1,Two year
65,113.89470114123569,3302.9463330958347,25,1,2,11.546947204546731,0,One year
33,131.24054085381715,6824.508124398491,10,2,3,43.21962255411494,0,Two year
50,127.92858239370891,3454.0717246301406,45,0,1,47.16708726999229,1,Month-to-month
26,71.63385885039912,3581.692942519956,11,0,2,26.406155772169782,1,Month-to-month
23,106.851067754184,2457.574558346232,53,2,3,18.263135326249735,1,Two year
33,46.64795840405672,2052.5101697784958,68,1,1,12.468830975857458,0,One year
46,58.10920493393172,1278.4025085464978,28,2,2,3.4392690746291446,0,Two year
20,136.52365640774556,5870.517225533059,65,1,3,14.156503733677274,1,One year
37,21.690250056395683,802.5392520866403,49,0,2,33.057553217320574,0,Month-to-month
53,31.11610901108085,1898.0826496759319,47,1,0,27.14722963415133,0,One year
36,47.025213168983555,2633.411937463079,52,2,3,47.25802263576544,0,Two year
43,23.449186503596565,70.3475595107897,54,2,2,20.41758586209333,0,Two year
20,43.58660656167365,2745.9562133854397,60,0,2,34.99930377409133,0,Month-to-month
36,95.79540292605998,1820.1126555951396,57,1,0,24.976814626280948,0,One year
37,74.78519157702473,1720.0594062715688,47,1,1,26.11623458028637,0,One year
49,136.04732244000672,3945.372350760195,31,1,0,14.120941415601758,0,One year
24,126.26766302599732,3788.0298907799197,46,0,1,23.292588065257984,1,Month-to-month
69,64.43625572072388,2513.0139731082313,26,1,1,24.068464853622658,0,One year
58,53.72504634606802,1343.1261586517005,5,2,2,35.62548356569776,1,Two year
50,69.3600130617447,554.8801044939576,52,1,3,47.091359960119576,0,One year
57,96.73834252692501,5610.823866561651,54,0,3,17.13674259664271,0,Month-to-month
56,54.848273306973915,877.5723729115826,33,1,2,3.067822960483624,0,One year
35,101.13935802038742,101.13935802038742,50,1,2,25.318461149531345,0,One year
57,73.22351478486127,366.1175739243063,38,2,4,27.67860527530926,0,Two year
18,91.76613351075743,275.2984005322723,27,1,1,9.253587005463848,1,One year
28,76.69644878759117,4985.269171193426,15,2,3,38.26276570752727,0,Two year
45,58.2805487404493,233.1221949617972,61,2,3,49.26152631363309,0,Two year
42,143.29892990508037,9171.131513925144,21,0,4,47.34296113341458,1,Month-to-month
67,119.2687532407689,1192.687532407689,46,2,2,10.658195902358957,0,Two year
40,38.21471284963883,802.5089698424154,69,2,4,43.89279875513728,1,Two year
48,132.90083686672867,6113.438495869519,6,0,3,35.520188184172554,0,Month-to-month
47,83.36605577243677,2250.8835058557925,38,2,2,23.238481626538668,0,Two year
59,136.2917894962319,8995.258106751306,62,0,3,27.489938721911724,0,Month-to-month
52,123.98118327315098,5083.22851419919,62,1,2,42.630408574140446,0,One year
24,75.27775558100035,978.6108225530045,46,0,2,24.526612042280284,0,Month-to-month
33,22.92101008161526,206.28909073453735,13,2,4,19.287161086151215,1,Two year
43,54.92805672004299,1977.4100419215476,3,0,4,25.169127158273305,1,Month-to-month
65,90.4124479059127,5243.921978542937,6,2,1,29.377360397717407,1,Two year
69,102.35216857739914,5527.0171031795535,8,1,1,10.264805035139092,1,One year
66,53.5253991063163,642.3047892757957,44,0,0,45.14447878308254,0,Month-to-month
19,38.11628962946713,533.6280548125399,33,1,3,34.03516049265108,0,One year
18,128.5409307839089,4370.391646652903,50,2,1,32.03017694953696,1,Two year
65,147.97228349146178,7842.531025047474,11,2,6,5.875315082851269,1,Two year
29,88.33972369934915,1766.7944739869831,28,1,1,30.604522970456998,0,One year
22,42.31830716027946,677.0929145644714,70,0,1,6.927072449686125,1,Month-to-month
54,55.39995244751796,3877.9966713262575,41,0,3,4.856186084574554,0,Month-to-month
49,22.390787951170676,1253.884125265558,16,2,3,26.838233886477273,0,Two year
26,138.85884485286488,8053.813001466163,68,1,0,20.736491168278253,0,One year
58,35.30764077571835,141.2305631028734,48,1,2,29.851703237654938,0,One year
52,94.94714181685296,379.78856726741185,56,0,1,5.371886234804691,0,Month-to-month
36,55.62717868933678,1112.5435737867356,64,0,3,22.11817007951566,1,Month-to-month
65,92.04314032705314,920.4314032705314,59,0,1,9.56454903721274,1,Month-to-month
33,104.68465048574235,2512.4316116578166,62,1,3,49.367904210281715,0,One year
20,127.86643448193621,3324.5272965303416,11,0,5,28.496360409323543,1,Month-to-month
37,46.83476532887842,1732.8863171685016,18,0,0,34.6844061861025,0,Month-to-month
41,21.42945772560246,1157.1907171825328,19,2,1,16.945495753447783,1,Two year
50,37.795131908944946,793.6977700878439,55,0,2,5.642206824187864,0,Month-to-month
41,137.00242344025366,5206.0920907296395,26,0,1,48.817672276393296,1,Month-to-month
69,133.60571008312698,6145.862663823841,6,1,5,15.026692733775977,1,One year
28,97.66370328214008,390.6548131285603,4,1,1,21.766601073505136,1,One year
66,98.06719185637493,5884.031511382496,29,2,3,32.843332163426176,0,Two year
25,106.45476769101322,6067.9217583877535,59,0,2,2.210167586619453,0,Month-to-month
53,42.79826622104845,1925.9219799471803,17,2,2,40.70269739534706,0,Two year
55,138.87355297024476,2777.471059404895,43,1,0,27.292331311402393,0,One year
57,74.44016823596951,1265.4828600114815,66,2,2,14.632642166372285,0,Two year
37,69.80800867243467,4956.368615742861,34,1,2,4.018791279330993,0,One year
52,87.45930168676888,349.8372067470755,8,2,4,8.96242235824763,1,Two year
65,26.105575680757156,365.47805953060015,13,2,0,44.85665908381841,1,Two year
42,41.616837938290324,124.85051381487096,8,0,3,34.61518697285866,1,Month-to-month
52,115.94437013542816,6724.773467854833,65,2,3,13.245184360207602,1,Two year
42,30.76382683026644,1692.0104756646542,43,0,3,4.214437482306447,0,Month-to-month
46,98.40977423063046,393.63909692252184,39,0,2,34.840150306945176,0,Month-to-month
35,51.895384258571724,1245.4892222057215,59,0,0,29.04797857242049,0,Month-to-month
63,70.60842982545695,2400.6866140655366,44,0,2,20.821456698453517,1,Month-to-month
35,57.53018578019098,1725.9055734057295,9,2,2,18.81696101031313,0,Two year
19,66.23745314044339,1258.5116096684244,37,1,1,11.623899520526306,0,One year
52,113.47596767395191,3517.7549978925094,36,1,0,33.81095157033836,0,One year
33,58.62582303101275,3517.549381860765,28,1,0,48.56273336189965,0,One year
58,93.63260323859663,5617.956194315798,42,2,1,9.610047046004468,0,Two year
53,81.88655228588296,1555.844493431776,43,0,0,30.258714380759663,1,Month-to-month
50,106.27725149714426,5207.585323360069,42,1,2,21.785067731552832,0,One year
21,141.78786611221852,8932.635565069768,66,2,1,22.88774736548858,0,Two year
50,115.23437263733254,2535.156198021316,55,0,3,13.453216726262905,1,Month-to-month
31,47.94224921679838,1150.613981203161,48,1,1,41.43160890740953,0,One year
38,24.05380755796701,721.6142267390103,22,0,1,24.777524603214815,0,Month-to-month
65,54.09432575897726,3137.470894020681,27,1,6,27.626886757714942,0,One year
37,97.36013099103313,3018.164060722027,67,1,3,15.933284727068962,0,One year
25,26.685355752952546,1707.862768188963,13,1,1,9.908614817680538,0,One year
24,84.52761213616073,1606.0246305870537,45,0,1,5.209609021938204,1,Month-to-month
20,97.58957035919559,4684.299377241388,10,2,4,35.99183790532088,1,Two year
34,63.451705806204906,2855.3267612792206,9,0,3,10.615479802704925,1,Month-to-month
50,120.21858648695685,6612.022256782627,54,1,0,34.81369235525109,0,One year
65,33.857772907390334,1862.1775099064685,27,0,0,20.12844585630074,0,Month-to-month
29,29.767911625655138,535.8224092617925,34,2,3,21.37296524849292,1,Two year
68,114.66453830646843,7223.865913307511,1,0,3,23.989697308545814,1,Month-to-month
39,84.4138711068058,3967.4519420198726,32,2,4,19.017716898249617,0,Two year
39,109.49231153560568,6241.061757529524,71,2,2,5.930378883906914,0,Two year
63,76.52755401848701,3443.7399308319154,67,0,1,16.171958690139444,1,Month-to-month
47,52.032264321083886,1717.0647225957682,20,1,4,33.52298367400298,1,One year
55,126.48330129764597,2150.2161220599814,35,2,2,33.623435671974676,0,Two year
55,123.9240642659673,8674.684498617711,17,0,1,15.024991054759724,1,Month-to-month
62,110.31054121107547,441.2421648443019,18,2,2,23.54502870132671,0,Two year
68,55.37886783989515,1107.5773567979031,45,1,2,10.478914172584936,0,One year
25,96.72998669298133,4546.309374570123,53,0,2,11.308231994961954,1,Month-to-month
44,66.92660660220349,1003.8990990330524,68,0,1,2.129307331923763,1,Month-to-month
44,31.90566953246244,2233.396867272371,65,0,0,44.94058094547949,0,Month-to-month
51,139.25076481009157,6544.785946074304,1,1,3,11.324626588670403,0,One year
38,37.78642201946498,340.0777981751848,58,2,4,12.149159969886703,0,Two year
47,143.5308559967043,2296.493695947269,26,0,6,14.700470199611459,1,Month-to-month
50,77.98075048453424,5380.671783432863,20,2,4,7.242995513076021,0,Two year
45,44.067280749020554,2688.104125690254,10,2,2,32.32388127588678,0,Two year
64,90.44712315918656,904.4712315918656,59,1,1,4.6820047057017415,0,One year
50,133.48295866393306,6674.147933196653,41,0,4,7.575918889991163,1,Month-to-month
22,115.18923523324295,345.5677056997289,5,2,2,32.59307960291455,0,Two year
65,124.85294922198847,8739.706445539192,65,0,3,17.643370403590694,1,Month-to-month
36,105.64183767239325,5387.733721292056,17,0,2,35.689443508358266,0,Month-to-month
21,109.99595338732082,2089.9231143590955,22,1,3,28.31381248883696,0,One year
52,130.3954347034915,5476.6082575466435,41,0,0,13.54503748001414,1,Month-to-month
66,52.45684115169417,1835.989440309296,68,0,2,32.890569573977075,0,Month-to-month
34,83.62524527360827,3846.7612825859806,69,2,2,6.697410334351152,0,Two year
61,48.75722743654829,1267.6879133502555,11,1,2,27.284108770921492,1,One year
45,148.39684103956412,10239.382031729925,56,0,3,22.420257147206698,1,Month-to-month
47,142.72771415925973,9134.573706192623,51,2,2,14.125805558054598,1,Two year
46,25.125485477905766,929.6429626825134,21,1,2,30.596244889235507,0,One year
63,111.7247724270395,5474.513848924936,26,1,3,43.695346024673846,0,One year
23,140.28228126403656,2945.9279065447677,19,2,5,49.94633028839076,0,Two year
52,43.47479486655336,2782.386871459415,60,2,3,30.7803756684278,0,Two year
58,93.83287997184183,469.1643998592092,71,2,0,20.830587842129336,0,Two year
54,139.01347868644544,9730.943508051181,47,2,2,12.035147910593878,0,Two year
41,24.41297721615385,97.6519088646154,71,2,3,13.597708380360476,0,Two year
46,110.66463474208919,4315.920754941479,26,0,2,24.493293929338517,1,Month-to-month
66,58.6553709584316,2052.937983545106,40,0,3,18.99660736275475,0,Month-to-month
63,140.17150539894897,140.17150539894897,5,1,2,45.776911608622264,1,One year
48,146.2375718714978,3509.701724915947,21,0,0,19.046477915129767,1,Month-to-month
52,142.75464358474642,8137.014684330546,4,0,2,19.298784966126338,1,Month-to-month
50,81.6478481654703,5715.349371582921,23,0,1,19.79319110926487,0,Month-to-month
69,132.06554462861075,5414.687329773041,15,2,2,41.99439030801525,0,Two year
38,129.79142180955915,7008.736777716194,8,1,2,32.888627721498196,0,One year
49,61.483061521623235,2828.2208299946687,41,1,4,31.094273665625742,0,One year
40,127.75901163958805,7665.540698375283,19,1,0,17.373008096809247,0,One year
50,24.810992513014043,1488.6595507808424,46,1,2,41.07730466478953,1,One year
20,97.5150842026669,5558.359799552013,28,0,0,2.8798292064293554,0,Month-to-month
35,49.9011488474014,1546.9356142694435,68,0,0,43.66906144456755,0,Month-to-month
42,35.673695151046246,856.1686836251099,15,2,1,26.12474508990255,0,Two year
59,30.00391621179719,1080.140983624699,37,1,2,20.51426150830723,0,One year
48,110.51754086415816,3315.5262259247447,1,0,0,25.3611967551666,1,Month-to-month
20,64.18374528984859,1540.409886956366,67,0,1,33.70336099615772,1,Month-to-month
57,114.219680298739,3426.59040896217,24,2,4,1.6255058993769707,0,Two year
63,28.496324303862508,199.47427012703756,27,2,3,43.70604096645414,0,Two year
41,60.987743917979344,2134.571037129277,40,2,4,22.89023674025825,0,Two year
67,90.13386800879384,4957.362740483662,63,0,2,17.80535946530383,0,Month-to-month
49,122.79401142906526,1719.1161600069138,61,0,2,7.774032716068798,0,Month-to-month
64,61.43782538116909,614.3782538116909,36,2,2,22.533803343563665,0,Two year
39,101.36587893681119,1621.854062988979,24,1,1,25.319815792934563,1,One year
40,135.1771072707043,7299.5637926180325,24,2,1,20.77868803018041,0,Two year
19,100.06221446369959,7004.355012458971,4,2,1,34.25434459751796,0,Two year
44,50.28473171797239,2212.5281955907853,67,2,1,21.623929909202076,1,Two year
59,23.172101602349944,1042.7445721057475,34,2,3,48.1094613144821,1,Two year
19,133.11285360712088,7454.319801998769,57,0,2,30.364598373356,0,Month-to-month
43,22.765023410550327,1297.6063344013687,49,1,2,40.56641884694354,0,One year
34,133.71121744894592,2807.935566427864,53,2,2,6.358439252364463,1,Two year
57,88.76182742353755,6035.804264800554,23,1,0,20.46727335434938,0,One year
50,142.0788008066765,7103.940040333825,69,1,1,17.50553737091048,0,One year
26,123.8418206505765,4086.7800814690245,53,1,4,28.904637018693,1,One year
60,149.73143436933387,1048.1200405853372,62,2,2,43.194562483009854,1,Two year
65,65.59253600872232,4591.477520610562,41,0,4,4.838572670338326,0,Month-to-month
56,119.73447756104649,1796.0171634156973,57,2,4,4.556165104190828,1,Two year
46,72.25101876920148,2312.0326006144473,60,1,2,42.665567699722345,1,One year
59,82.38383063950815,1647.6766127901628,54,1,1,11.429654215879514,0,One year
43,101.57571021838811,1523.6356532758216,70,0,3,33.768909468040874,0,Month-to-month
52,133.57802484422405,6411.745192522754,57,2,3,27.601028485679453,1,Two year
67,147.93085099590837,10503.090420709494,10,1,1,41.811786149474244,1,One year
42,119.87554380238737,2517.3864198501346,40,0,1,7.129356581983773,1,Month-to-month
41,74.30968168175339,3121.0066306336425,7,1,4,7.359365320407953,0,One year
30,74.77641029601912,1944.1866676964971,38,0,1,28.28409965363707,1,Month-to-month
24,115.8856992065559,1622.3997888917825,61,0,4,47.37255401456017,1,Month-to-month
53,51.041028949879305,2909.3386501431205,3,2,0,21.334890160166957,0,Two year
62,34.36163470708131,1271.3804841620083,51,1,3,17.020162912480053,1,One year
37,66.10088049330095,3833.851068611455,47,2,3,30.727776836696407,0,Two year
18,57.341068915030625,1204.1624472156432,68,1,3,46.591981426706525,0,One year
25,58.52005565927871,4037.8838404902313,38,2,2,42.00946380938656,0,Two year
63,50.36900763648829,151.1070229094649,36,1,1,49.778696925927775,1,One year
33,25.472114652727043,942.4682421509006,41,2,0,2.1058605769164775,0,Two year
31,22.323611515343796,1093.856964251846,69,0,2,6.530049090925349,0,Month-to-month
29,148.4039106656841,2819.6743026479976,13,1,2,30.863920404964478,0,One year
68,75.6105073856621,907.3260886279452,58,1,2,41.208245527358635,1,One year
40,69.96246413075862,4267.710311976276,50,0,3,14.97697277303156,0,Month-to-month
32,108.35414675009908,4442.520016754062,30,2,3,12.72134331367672,0,Two year
45,48.37300542245834,1596.3091789411253,62,1,1,39.56181416967884,0,One year
51,143.4949539135293,7174.747695676464,25,1,2,3.7627108388083474,0,One year
19,122.22485187402177,8311.28992743348,27,2,1,19.09974973154667,0,Two year
49,31.62343030059374,2245.2635513421556,51,0,2,25.78465190702416,0,Month-to-month
40,74.28550085204068,2451.4215281173424,57,2,0,28.457085043165847,0,Two year
39,134.2853799830814,3222.849119593954,47,2,1,36.702142682846066,0,Two year
68,142.81516289788334,8711.724936770885,39,2,1,18.387440448102254,0,Two year
42,80.76219646248306,4926.493984211466,16,1,2,31.021532889055752,0,One year
39,99.74348059739201,2792.817456726976,22,0,1,29.68339571675686,0,Month-to-month
39,41.71441299196978,2419.4359535342473,54,0,1,27.833188932033607,0,Month-to-month
66,148.85192139780696,6400.632620105699,21,2,2,32.38368136396839,0,Two year
69,50.11732117984764,2054.810168373753,16,1,4,13.71300938233574,0,One year
59,142.55513063756632,5559.650094865086,59,2,0,5.14778892564682,0,Two year
23,104.4540643690079,5118.249154081387,31,1,1,6.844311929947428,0,One year
32,99.00578333425169,1683.0983166822787,42,1,4,12.004536750041153,1,One year
60,86.64950643214611,6065.465450250228,32,1,2,25.509698840616476,1,One year
54,49.98707552330863,3499.0952866316043,59,1,1,42.18169477675499,0,One year
50,42.94864416071607,2791.6618704465445,34,0,1,35.36337376233082,1,Month-to-month
25,48.66320717912279,243.31603589561396,9,1,3,39.66298960590031,1,One year
61,44.236974078753086,88.47394815750617,11,1,1,18.197805572378478,0,One year
61,121.34598156367792,2669.6115944009143,10,2,3,20.82803334077896,1,Two year
22,65.51628369167491,3734.42817042547,17,2,3,20.29041241354003,1,Two year
56,27.519547953241528,1816.2901649139408,68,0,2,10.401786035820574,0,Month-to-month
21,145.98334191830548,2335.7334706928877,48,2,2,3.999616249035029,0,Two year
23,134.89216504524535,6879.500417307513,52,1,4,29.954888548534115,0,One year
62,140.6077968153777,5483.70407579973,25,2,1,49.47161748760872,0,Two year
49,149.33801694403658,5973.520677761463,21,0,1,9.17465554256288,1,Month-to-month
69,42.60638239853335,1619.0425311442673,65,2,2,3.287556175064414,0,Two year
47,71.51146245734563,4290.687747440737,63,2,1,39.197052409372716,0,Two year
64,118.57100184153187,6995.68910865038,51,0,3,13.376714327551486,1,Month-to-month
52,110.48268034699299,1104.82680346993,36,0,3,41.65254646229349,1,Month-to-month
57,40.00646782418116,2560.413940747594,66,1,4,35.49289668469125,0,One year
69,126.05830624878031,7941.67329367316,15,2,1,47.33800331548942,0,Two year
33,49.17727433876588,2409.686442599528,39,1,1,21.037434552076927,0,One year
30,49.096289926941,3142.162555324224,70,2,1,33.43652213308107,0,Two year
67,89.80667497614377,2873.8135992366006,1,2,1,23.777884259850264,0,Two year
59,97.08219152942141,679.5753407059499,23,1,2,31.89884616811863,0,One year
47,95.41120701891545,2003.6353473972245,39,2,0,23.03034639437913,0,Two year
36,31.893288861708132,637.8657772341627,57,2,1,10.242980074779666,1,Two year
34,134.06991214194943,3485.817715690685,34,2,2,25.886973384165664,0,Two year
36,54.528005536531786,3707.9043764841613,41,0,4,26.900625870434673,1,Month-to-month
45,36.836939766764544,552.5540965014682,13,1,0,40.719588564747895,0,One year
43,135.53725038296704,1897.5215053615386,70,0,0,37.04051458388548,0,Month-to-month
54,144.23469476986793,3894.336758786434,6,1,1,33.52578957313076,0,One year
43,132.07659024450857,5283.063609780343,52,1,1,6.555967682076054,0,One year
40,125.23708971423414,7263.751203425581,3,2,4,36.310198242522034,1,Two year
26,105.18145748307282,2945.080809526039,63,1,2,25.514952661371225,1,One year
29,91.6114581791881,2381.8979126588906,49,0,2,44.810877269201804,0,Month-to-month
18,31.308278788483317,1972.421563674449,47,0,2,46.0736757723966,0,Month-to-month
18,73.09891769919084,4824.528568146595,55,0,5,3.7026729394874875,1,Month-to-month
64,68.44950721160082,1711.2376802900205,64,1,3,41.21143645736946,0,One year
51,53.76799188884241,161.30397566652724,65,0,4,2.8471721307108604,1,Month-to-month
49,114.04461477951604,5017.963050298706,67,1,3,18.99131165905611,0,One year
65,84.4638455602402,3547.4815135300887,15,0,0,27.57269880543288,0,Month-to-month
42,30.53600806799423,183.2160484079654,32,0,3,8.256939132729244,0,Month-to-month
57,48.623816253475475,1896.3288338855434,68,1,2,37.569376815884766,0,One year
62,108.82363927574747,5658.829242338868,18,0,3,1.40938050443479,0,Month-to-month
18,29.897011733739024,687.6312698759975,43,2,3,9.261353373267806,0,Two year
33,130.65689882633993,6532.8449413169965,35,1,1,29.459044662820308,0,One year
56,84.36904851181666,3627.8690860081165,58,1,1,36.004990539827325,0,One year
22,82.47625505246424,1567.0488459968205,33,1,4,45.91551203200189,1,One year
39,97.0130120057373,6693.897828395873,14,2,0,35.56933594479657,0,Two year
46,127.20852557026939,6487.634804083738,34,1,2,33.91718424248843,1,One year
20,65.2151970272851,717.3671673001361,61,0,3,20.322716171182552,1,Month-to-month
29,108.14209983267827,1297.7051979921393,4,0,1,1.0629368508132693,1,Month-to-month
43,93.54515531945283,748.3612425556227,59,0,0,6.887803678045476,1,Month-to-month
33,54.713675122024775,1313.1282029285946,29,1,3,27.193172693045916,0,One year
68,134.22189822617054,5503.097827272992,6,0,2,34.081364406376565,0,Month-to-month
54,123.66538280890066,4451.953781120424,49,1,1,21.454965910926663,0,One year
39,105.59873850559532,5807.930617807742,40,0,2,36.80327156489112,0,Month-to-month
46,130.57562478225145,1175.180623040263,65,2,1,26.571252471276757,1,Two year
31,132.7482461247743,6239.167567864392,69,2,0,4.634633584121298,0,Two year
45,112.08718697295453,1681.307804594318,27,2,2,10.408796297429493,1,Two year
22,128.81173268727736,6182.963168989313,6,2,0,42.159912938953205,1,Two year
64,110.67129001700687,4648.194180714288,13,1,3,36.52072458459754,0,One year
66,108.41830032883905,6505.098019730343,64,0,2,44.84333736361226,1,Month-to-month
47,100.41947916797396,7029.363541758177,62,2,4,6.760305206925892,0,Two year
63,117.85316314249336,1414.2379577099202,19,1,1,49.52090419613862,0,One year
69,40.61866368809958,81.23732737619916,43,2,0,11.260928983546746,0,Two year
22,134.5131986958607,941.5923908710249,20,2,0,1.5772139380454586,0,Two year
29,133.33965860688016,400.0189758206405,68,1,4,49.873724013624155,1,One year
33,23.80214679449269,71.40644038347807,44,1,0,14.772620386810544,0,One year
43,127.35617757341915,3438.616794482317,23,0,5,33.73295317311543,0,Month-to-month
43,36.75308277154788,1470.1233108619153,2,0,0,9.657433394638955,1,Month-to-month
65,63.56545105368845,2097.6598847717187,22,2,3,29.431198077757944,1,Two year
38,116.656073317909,116.656073317909,57,2,2,45.2977143362734,1,Two year
56,40.898786486280066,327.19029189024053,7,0,1,16.688877203993492,1,Month-to-month
53,126.33571313547809,4042.742820335299,56,0,1,33.842444826173605,1,Month-to-month
50,128.17744313450646,6152.51727045631,67,1,1,10.207275851122409,0,One year
47,85.9708053889087,343.8832215556348,16,0,2,31.614974537217538,0,Month-to-month
54,20.830163323188366,1458.1114326231857,51,0,3,17.486067239058,0,Month-to-month
40,57.31495731273866,1088.9841889420345,12,2,2,11.349204670809632,0,Two year
27,100.20049938884648,3206.4159804430874,53,0,3,16.34592048447812,1,Month-to-month
22,147.55420314356505,1327.9878282920854,5,2,3,9.763212356882168,1,Two year
53,102.13575851216689,1225.6291021460027,27,0,1,45.193889284056254,1,Month-to-month
51,53.77446553834077,591.5191209217485,12,1,2,20.462157429539314,0,One year
69,102.42074140294947,4711.354104535676,17,0,2,13.018685943744,0,Month-to-month
48,90.19809936306122,1443.1695898089795,6,0,2,22.97198420978071,1,Month-to-month
27,121.37990136964866,121.37990136964866,5,0,4,16.706272173518283,1,Month-to-month
36,33.90748304750459,2136.171431992789,57,2,1,37.47654343685297,0,Two year
49,118.93362732526364,2497.6061738305366,28,1,0,48.589775682389224,0,One year
18,90.36465522789433,2710.93965683683,69,0,1,22.463649178184696,1,Month-to-month
22,145.1889605016693,1887.456486521701,59,2,2,43.19063659863978,0,Two year
62,64.44338158502919,2191.074973890992,33,1,0,28.727290604421356,0,One year
21,102.24084610741326,408.96338442965305,62,2,1,8.704547589617441,1,Two year
33,141.16365371630226,3952.5823040564633,50,2,0,34.84051436198574,1,Two year
41,33.3262646387883,1966.2496136885097,19,1,2,26.158290359165186,0,One year
33,141.83970334073865,3829.6719901999436,69,0,2,32.87971963935307,1,Month-to-month
19,109.42514389910573,7550.334929038296,66,2,3,44.59468321601158,1,Two year
66,28.81881768367235,720.4704420918088,47,2,0,22.58129396214626,0,Two year
45,59.12526370308611,177.37579110925833,39,0,5,45.15770353765043,1,Month-to-month
49,112.06237152388661,7620.24126362429,68,0,5,37.78278169980109,1,Month-to-month
44,28.75557819094032,718.889454773508,33,1,1,24.941641368021255,1,One year
37,95.68215982291552,1913.6431964583105,13,1,4,30.557884647240222,0,One year
41,64.96479740388438,2208.803111732069,54,1,2,16.95347549343156,0,One year
29,100.71901730977203,2618.6944500540726,7,0,3,49.196267687199935,1,Month-to-month
67,25.94646439562667,129.73232197813334,14,2,2,33.7002069894694,1,Two year
52,133.29978479980892,8131.286872788344,19,2,3,3.148495772334865,0,Two year
50,146.5535659930616,1318.9820939375543,54,1,2,17.004473381652428,0,One year
50,145.9541211871399,7297.706059356995,20,0,2,31.542407254193815,1,Month-to-month
68,117.45473812658021,704.7284287594813,29,2,2,3.7603306121627504,0,Two year
60,36.91121121698215,2214.6726730189293,24,1,2,2.1703253746379954,0,One year
54,118.57421547077294,5217.26548071401,63,2,0,23.051187736862325,0,Two year
29,23.196299139644196,255.15929053608616,57,2,4,17.30181880494083,1,Two year
20,22.876061698769643,1509.8200721187964,8,0,4,22.476631793625128,1,Month-to-month
18,62.06932848944036,2917.258439003697,62,0,1,13.871972184120253,0,Month-to-month
50,83.52361475260655,250.57084425781966,29,2,3,9.071169600206066,0,Two year
57,120.15296431501312,3604.5889294503936,17,1,0,34.768024492036545,1,One year
27,108.82839895884567,2285.396378135759,66,0,2,26.213984697122225,1,Month-to-month
60,77.96735182897729,2183.085851211364,6,2,0,10.807556351218974,1,Two year
61,55.57146661661656,3445.4309302302267,58,0,3,16.659881886739917,1,Month-to-month
46,149.62618502050245,4937.664105676581,69,0,2,29.99858747550297,0,Month-to-month
30,75.40356929067649,2639.124925173677,28,0,1,4.539238065351414,0,Month-to-month
29,78.68031316285781,4091.376284468606,62,2,0,8.225197454042798,0,Two year
48,41.271096754917,1403.217289667178,41,1,0,4.5890346012621155,0,One year
63,123.32524133749082,5056.334894837124,69,1,4,40.803549302991826,1,One year
19,110.17868935159352,5619.113156931269,41,1,2,37.868052427388456,1,One year
68,48.70004966253885,2288.902334139326,49,0,2,37.9123336620836,1,Month-to-month
67,30.709535930059552,1781.153083943454,49,2,3,36.09994183032538,0,Two year
52,108.4649092697127,6182.499828373624,71,0,5,33.79988575982359,0,Month-to-month
40,105.08645785654758,2416.9885307005943,3,1,3,24.372603853530574,1,One year
34,55.52373850976721,2665.1394484688262,10,1,0,32.47163001184863,0,One year
43,143.61226309255335,3159.4697880361737,35,2,0,2.879716184610758,0,Two year
25,39.63752593151703,673.8379408357896,2,0,2,31.451756710182444,0,Month-to-month
46,76.20352413553825,5258.043165352139,24,1,2,39.11600757130698,0,One year
43,142.67006962178786,1569.3707658396665,38,2,2,25.51755965883512,1,Two year
27,74.5645512003959,1118.4682680059384,22,0,3,18.51815309293461,1,Month-to-month
43,103.00837319633112,3605.293061871589,26,0,0,14.593910005247977,1,Month-to-month
51,71.68727173516325,2365.6799672603875,43,1,0,32.497300457942046,0,One year
68,55.647976305327106,890.3676208852337,55,1,3,34.94725873286553,0,One year
58,147.91709423477766,5029.181203982441,39,0,2,43.67741239326459,0,Month-to-month
24,73.21342082095559,4832.085774183069,29,0,3,17.774370040588547,1,Month-to-month
21,136.23289647828747,5449.315859131499,20,1,1,38.71884306189369,1,One year
67,49.89409876584121,1397.0347654435539,41,0,3,28.50643538527756,1,Month-to-month
62,47.70361152326083,2242.069741593259,54,1,3,44.25898804322588,0,One year
28,24.047430774986477,937.8498002244726,20,0,1,26.86279330648542,0,Month-to-month
46,104.71668729886505,7330.168110920554,19,1,3,26.363861591500395,0,One year
53,67.90842468408894,1358.1684936817787,66,2,4,29.315976990604547,0,Two year
42,132.3665724791528,132.3665724791528,30,1,2,37.71645240197929,0,One year
38,81.51728786990243,5135.589135803853,53,1,1,48.26983346259458,1,One year
53,145.8651456289138,9772.964757137224,34,2,4,4.604604356572517,1,Two year
27,44.118317041405746,176.47326816562298,22,0,1,3.618295517159841,1,Month-to-month
54,132.9210118342294,7709.418686385306,67,2,1,46.93996653295959,1,Two year
26,120.95759086292642,3023.9397715731607,6,1,3,26.9639056503921,1,One year
41,120.21983980372676,5650.332470775157,27,0,1,31.130247713779866,0,Month-to-month
52,129.82181965519538,4933.2291468974245,10,2,4,24.638756478141715,1,Two year
66,118.93311882258986,1783.9967823388479,48,0,3,5.58921517776625,0,Month-to-month
52,101.408641812084,6388.744434161292,70,0,0,38.63637954251466,0,Month-to-month
65,37.061834098710385,778.2985160729181,59,2,2,37.61400760934076,0,Two year
53,24.22840333386275,1381.0189900301768,59,0,3,16.27346275314779,1,Month-to-month
35,139.7102202160393,7404.641671450082,2,2,2,16.00572301619162,1,Two year
66,100.16454088769595,4607.568880834014,29,1,1,42.05422766437041,0,One year
56,123.54984782690292,1729.6978695766409,68,0,4,4.545505629325005,1,Month-to-month
49,82.5979056966315,1404.1643968427354,65,1,1,44.174152269471726,0,One year
41,35.25006456511128,1374.75251803934,26,1,1,13.576422804899806,0,One year
40,36.27415298633156,326.467376876984,10,0,0,30.056252640019203,1,Month-to-month
49,109.12348733976627,654.7409240385977,53,2,3,46.86371477108711,0,Two year
54,75.93976633693015,1746.6146257493933,59,0,0,34.228002575295676,0,Month-to-month
29,46.068214471043774,2718.0246537915828,22,1,2,21.307060810884792,0,One year
66,83.9072910763868,3859.7353895137926,51,1,1,34.78717623636534,0,One year
30,28.34716181976743,1077.1921491511623,48,2,1,17.85500217950214,0,Two year
40,95.65628224887185,1339.1879514842058,21,0,2,14.58566240111012,1,Month-to-month
42,54.969142576562696,3408.086839746887,22,1,4,49.837480618799304,1,One year
52,123.68268308283446,4328.893907899206,30,1,4,37.7887213278096,1,One year
58,60.347054660064586,1146.594038541227,25,1,3,32.59127889170907,0,One year
47,79.17861938063416,2375.3585814190246,28,2,4,18.40919251774662,0,Two year
34,21.510670188053084,537.766754701327,65,1,1,3.40888062859736,0,One year
66,29.418095413292654,1176.7238165317062,45,1,2,2.521786925722625,1,One year
37,71.02416233286903,994.3382726601664,68,0,1,28.154881516991143,0,Month-to-month
65,82.39204851322606,2142.1932613438776,7,0,1,38.339603330913505,0,Month-to-month
42,98.00267125550948,2156.0587676212085,49,1,4,27.3315803317489,0,One year
39,57.91613523220942,2779.974491146052,9,1,2,42.198468525016615,0,One year
30,110.34764519645053,5627.729905018977,36,0,0,2.63790012156786,1,Month-to-month
36,131.8159116345966,395.4477349037898,1,2,3,18.970851744871066,1,Two year
66,121.38062855613548,5097.98639935769,10,2,1,12.616449167534725,0,Two year
53,25.15044729528643,477.85849861044215,36,2,2,22.916375439698978,0,Two year
29,82.46590314351776,2309.0452880184976,46,2,2,4.546443266512002,0,Two year
58,33.640923194362735,1513.8415437463232,32,2,0,47.752450436982556,0,Two year
36,51.465852062128576,3654.075496411129,32,2,2,11.939514652398685,1,Two year
29,148.26613712472903,9340.76663885793,6,2,5,46.193080998695656,1,Two year
26,38.52442057719672,731.9639909667377,48,2,2,21.86876459679741,0,Two year
24,84.85545994867628,3988.2066175877853,38,0,3,49.29068252950568,1,Month-to-month
45,100.36024546135549,1405.0434364589769,17,2,0,28.148860789550326,1,Two year
31,111.32044617073352,4230.176954487873,27,2,2,46.61081034461456,1,Two year
48,92.75432885329883,4915.979429224838,54,2,1,1.2621004460169194,0,Two year
69,21.270210164493875,1297.4828200341265,50,1,3,37.66370150286411,0,One year
36,62.439970071718946,2247.838922581882,35,0,2,45.24948200202326,0,Month-to-month
64,87.30251364001249,3492.1005456004996,25,0,1,7.84630778196875,0,Month-to-month
33,31.422644888828337,942.6793466648501,28,0,2,5.710166734875423,0,Month-to-month
22,65.58150105719349,590.2335095147414,15,2,1,21.804057752111824,0,Two year
52,24.31640414287765,1556.2498651441697,4,2,2,46.75026640051382,1,Two year
29,30.215204630152698,997.101752795039,27,1,5,27.5769414493315,0,One year
42,71.60002590620749,3723.2013471227897,26,0,3,26.845366722364876,0,Month-to-month
69,37.25304802559785,521.5426723583698,19,2,4,7.915179796666772,0,Two year
38,93.78031027400256,4970.3564445221355,17,0,2,1.0386860435677205,1,Month-to-month
53,109.63044598784455,6468.196313282829,43,1,2,40.6968644465276,0,One year
40,124.07627088418077,5087.1271062514115,41,1,0,5.291153586325673,1,One year
33,46.01953175182531,3129.328159124121,42,1,2,32.05864111803088,0,One year
56,41.77273569367907,2840.546027170177,50,0,1,45.81620627124438,1,Month-to-month
62,33.59381924347203,268.75055394777627,40,2,1,11.223943744763119,0,Two year
59,102.73593244067277,205.47186488134554,39,2,2,33.59836897560863,0,Two year
56,111.84184444329715,4585.515622175183,23,1,3,4.8562302586679635,0,One year
31,24.106198827333465,1325.8409355033405,52,2,1,30.584002048043036,0,Two year
48,141.70759201167968,2267.321472186875,47,1,2,9.032654326706934,0,One year
22,26.756266874691413,1658.8885462308676,63,0,1,37.06172446524372,0,Month-to-month
52,90.36852358913916,4337.68913227868,69,1,2,15.760333444901502,0,One year
40,112.17786752861913,3365.336025858574,43,0,1,23.706159431427665,1,Month-to-month
46,133.22598608699113,1598.7118330438934,48,1,1,30.372096559353462,1,One year
60,112.83130117721561,3949.0955412025464,34,2,3,9.39239712264574,1,Two year
28,124.22465079907293,1366.4711587898023,40,2,3,37.340253112263426,1,Two year
35,64.12852503056479,4104.225601956146,61,1,1,15.829376691203914,0,One year
64,125.9272647870466,6296.363239352329,50,2,0,33.456221135724924,0,Two year
29,30.414930030007767,638.7135306301631,67,2,3,8.755869484269308,0,Two year
26,136.3261652878686,9406.505404862934,62,2,3,34.717765301111164,0,Two year
27,91.18700889998571,4376.9764271993145,58,0,3,7.281215567712625,1,Month-to-month
61,126.24871009512418,2524.9742019024834,33,2,0,21.842468317229198,0,Two year
34,78.80137698737902,5279.692258154394,16,0,0,13.113097613204964,0,Month-to-month
55,103.66510037554825,4561.264416524123,48,1,0,37.670387221980945,0,One year
24,88.43234592169472,2918.267415415926,10,2,4,13.839715220836853,0,Two year
63,115.10663782819314,7021.504907519782,38,2,1,44.204148013374414,0,Two year
30,30.611897663976645,275.5070789757898,19,2,3,44.69919035892403,0,Two year
57,27.845770918773294,1893.5124224765839,36,1,0,10.625624445916507,0,One year
59,52.12342042131904,1824.3197147461665,59,0,0,31.07845130537849,0,Month-to-month
26,40.740808414714486,2648.1525469564417,63,0,4,5.298164444278251,1,Month-to-month
67,133.33186365698623,1066.6549092558898,46,2,1,20.18531788047983,1,Two year
44,48.497818356545764,2182.4018260445596,3,1,2,35.95276474556234,1,One year
19,146.86248325648705,6902.536713054891,65,1,4,33.3117390956459,1,One year
22,63.79645293024389,2551.8581172097556,8,1,1,31.61033280092379,1,One year
46,43.67532903953091,2358.467768134669,51,1,0,14.844502319459735,0,One year
54,122.6608059285223,5642.397072712026,6,1,1,19.5232225222857,1,One year
55,105.6320108151139,4964.704508310353,39,0,2,6.044361090314023,0,Month-to-month
36,84.76544313890807,1271.481647083621,60,0,1,36.23211820124645,1,Month-to-month
25,92.19726162189205,1751.747970815949,28,0,1,25.6905510427724,0,Month-to-month
65,113.4962311753943,2950.9020105602517,54,2,1,35.72951598493707,1,Two year
62,49.69911637306883,2584.3540513995795,37,1,3,13.198232715046766,0,One year
18,149.52340908737645,3289.5149999222817,9,2,1,16.897473203118246,0,Two year
39,146.7231110790818,3081.185332660718,56,1,1,17.37655152574562,0,One year
69,104.5423392251018,5331.659300480192,59,0,3,2.261378077613594,0,Month-to-month
34,45.940518620788865,1745.739707589977,2,2,1,17.711345768700554,1,Two year
24,108.42967151606787,2168.5934303213576,61,0,2,40.36192410238364,0,Month-to-month
42,29.38579316729286,852.1880018514929,58,1,0,44.96762629173719,0,One year
62,23.984825286754788,1223.226089624494,60,1,1,26.392697466160445,0,One year
21,53.498775506457775,213.9951020258311,40,1,3,23.319583065741792,0,One year
53,80.14098437611112,4407.754140686112,36,0,1,2.5104063162691426,0,Month-to-month
23,132.87542570308946,9434.155224919352,37,1,4,44.08101254168375,0,One year
48,114.53197906962004,3206.895413949361,18,0,2,1.6375004578677632,1,Month-to-month
36,116.55184775599753,466.2073910239901,63,2,0,47.29275393030038,0,Two year
61,75.3141334782498,1656.9109365214956,22,1,4,24.971596185716443,1,One year
56,64.97154903110518,2923.7197063997332,11,1,2,17.754790185161603,0,One year
44,68.23503918799835,4571.74762559589,58,1,1,46.286703307290345,1,One year
27,148.39444328568752,9794.033256855377,57,2,1,2.19515866239474,1,Two year
43,25.214194883622724,857.2826260431726,4,1,2,29.489819848585267,1,One year
36,132.71409449591832,7299.275197275508,7,0,1,27.897693700467542,1,Month-to-month
56,95.22780311441115,95.22780311441115,61,0,2,11.746699659357722,0,Month-to-month
20,77.02000449464677,2926.7601707965773,54,1,2,22.015484136160318,1,One year
62,114.28349585396775,685.7009751238065,68,1,1,32.960936291244735,1,One year
30,83.26696238521137,2081.6740596302843,1,2,1,36.629428647214446,0,Two year
67,133.54502095061588,2270.2653561604698,55,2,5,1.0351260766224093,0,Two year
45,137.0912423214636,8362.565781609279,3,2,1,46.90581807445975,0,Two year
37,74.8237204935492,897.8846459225904,38,1,6,9.061743247247808,0,One year
45,55.9876136405567,335.9256818433402,1,2,4,12.4454412768956,0,Two year
25,97.00554271713709,2619.1496533627014,38,2,2,13.910198838998562,0,Two year
58,138.60723493016982,1108.8578794413586,29,0,1,2.8531866910497303,1,Month-to-month
56,47.38608457073666,3080.095497097883,5,2,1,7.029554055925921,1,Two year
18,100.98565586325276,5756.182384205407,21,0,3,49.33114622426394,1,Month-to-month
20,102.10282861202768,4084.113144481107,71,0,2,16.44562013148702,1,Month-to-month
30,115.30469291398653,1614.2657007958114,67,2,1,6.649753426613418,0,Two year
45,37.10379906654377,1298.632967329032,47,0,4,6.2425717975565425,1,Month-to-month
66,113.05724540867152,5426.747779616233,35,1,2,36.25353841582862,1,One year
42,138.17422768653333,7737.756750445867,68,1,1,42.8738645375994,1,One year
50,43.35880415313146,2124.5814035034414,69,2,3,13.590662675915024,0,Two year
55,50.88063224010409,661.4482191213532,1,1,2,2.0245661044265137,1,One year
23,146.28136222541315,8923.163095750202,68,0,4,11.931410903822435,1,Month-to-month
61,43.52700385223367,2132.8231887594497,12,1,4,3.7692688490411093,0,One year
62,131.07006213804527,6029.222858350083,60,2,1,6.066351894872034,0,Two year
49,83.99612133824452,5207.759522971161,27,2,4,22.143897872534478,0,Two year
62,52.14003967241302,417.12031737930414,56,0,0,12.266000172219997,0,Month-to-month
64,133.19748716542648,5727.491948113338,23,2,3,26.281348047745745,0,Two year
38,77.88968315034651,1557.7936630069303,25,1,3,13.421193909602328,0,One year
33,86.92625601085973,3390.1239844235297,21,2,2,47.08632775404443,0,Two year
38,66.70033802196954,3268.3165630765075,61,0,3,45.391254428386965,0,Month-to-month
28,97.08361068654057,6213.351083938596,63,2,1,28.773499145512837,0,Two year
54,41.25810343605296,2558.0024130352836,52,1,4,18.36677560738192,0,One year
53,70.84059976472889,3825.39238729536,25,0,3,19.676197219702043,1,Month-to-month
52,146.02360190358738,1314.2124171322864,55,1,0,21.18076187408035,1,One year
36,53.55734625114658,1981.6218112924237,46,0,2,36.65138678461226,0,Month-to-month
37,105.37576639036799,5163.4125531280315,32,2,1,23.130310780423056,1,Two year
35,62.274708349210336,2553.263042317624,55,0,0,42.97976737878897,0,Month-to-month
64,120.55150633925808,2049.3756077673875,5,0,3,47.260644510587866,1,Month-to-month
58,37.01357589338548,777.285093761095,36,2,1,17.46136151556776,0,Two year
66,146.07673586021082,7449.913528870752,49,1,1,28.474029587408324,0,One year
31,78.99264037987311,4660.565782412514,58,2,1,5.657770304795657,0,Two year
32,50.68656023504032,1976.7758491665725,39,0,4,10.822983340551591,1,Month-to-month
48,29.554577152901643,1625.5017434095903,61,2,3,21.259822568797844,0,Two year
18,42.0685276613803,1724.8096341165924,9,0,0,11.103933079187163,0,Month-to-month
20,87.57061331228229,3415.2539191790092,6,2,1,43.95146404864716,1,Two year
33,63.810412936067216,829.5353681688738,35,2,4,8.756026546895805,0,Two year
40,127.75483756473923,8176.309604143311,39,1,2,23.327380256101506,1,One year
28,76.01537807603478,836.1691588363826,22,0,1,30.679262782533907,1,Month-to-month
29,52.33285543639189,994.3242532914459,41,1,2,34.90133149988138,0,One year
27,100.22884825852391,1102.517330843763,5,0,1,19.77039911659883,1,Month-to-month
49,111.88103819510796,5146.527756974966,42,2,3,43.5858543675117,0,Two year
33,41.715448027123486,1877.1951612205569,67,0,3,28.84763840281835,0,Month-to-month
25,41.79049811748129,41.79049811748129,30,1,6,22.53588124193004,1,One year
55,24.767285501360586,990.6914200544235,57,1,1,4.294791068549794,0,One year
29,115.73226195853327,2198.9129772121323,29,1,3,23.769783953813086,0,One year
41,106.29458859083466,6483.969904040914,37,0,1,41.21605619997078,1,Month-to-month
45,81.7020138474758,980.4241661697096,13,1,4,31.112509892844457,1,One year
25,129.74215836599564,7914.271660325734,32,1,2,41.775960232726796,0,One year
45,124.7371198835069,4116.324956155728,46,1,3,25.206571859365976,0,One year
53,96.09606737157777,4324.323031721,23,2,1,6.804623549629611,0,Two year
43,132.87526646672362,9168.39338620393,45,2,2,1.6683524459581724,0,Two year
25,46.75935730477987,374.07485843823895,17,0,2,15.857757789210968,0,Month-to-month
67,34.549550521704624,863.7387630426156,66,0,2,35.20153310339183,1,Month-to-month
45,55.06744949720865,2533.102676871598,6,1,1,39.722735293142996,0,One year
45,27.42129129161093,822.6387387483279,18,2,4,15.49188889639614,0,Two year
54,89.05203864013416,4185.445816086305,22,1,1,25.287042123279107,0,One year
58,141.758739998345,6946.178259918905,33,1,1,21.63482631727,1,One year
53,25.114660286906254,1180.389033484594,30,2,2,21.115616433219966,0,Two year
44,35.87428882130348,645.7371987834626,32,2,2,12.336086946807374,1,Two year
34,78.78587367684659,5199.867662671875,42,2,5,7.68218414644346,0,Two year
26,141.40375227862762,9615.455154946678,10,0,0,10.637739353329442,1,Month-to-month
50,61.10029364697757,2016.3096903502599,36,0,0,3.711286971003959,1,Month-to-month
37,85.94052512949102,3093.8589046616767,34,1,2,10.708406349355275,0,One year
30,25.404471676550973,482.6849618544685,28,0,1,1.4508439836435933,1,Month-to-month
45,39.28461612507155,1099.9692515020033,11,2,4,31.735661631162934,1,Two year
65,148.2619159846501,5930.4766393860045,39,2,4,16.502394961996462,1,Two year
46,145.46543053668591,2181.981458050289,47,0,2,48.68409085991852,0,Month-to-month
30,20.64219752147325,846.3300983804032,19,1,1,10.492135488038596,1,One year
63,143.73553210502106,5605.685752095822,15,1,1,17.945599945170102,0,One year
52,103.08559191601505,206.1711838320301,28,0,4,18.534216773435126,0,Month-to-month
23,132.82937828760288,8368.250832118982,24,1,1,1.4141233070605663,0,One year
35,79.11618123240169,2294.369255739649,9,1,8,42.12118969893349,1,One year
68,87.02748371530254,5743.813925209967,47,1,0,2.567728547071911,0,One year
22,83.55005543339962,4261.052827103381,33,2,1,47.06881190173283,0,Two year
64,106.69235348099356,1066.9235348099355,62,2,3,44.711643203587414,0,Two year
42,38.15466311832068,534.1652836564895,19,0,1,27.240573888212214,0,Month-to-month
19,23.896566683448135,1218.724900855855,67,2,3,27.63618317065331,0,Two year
27,60.03089240685482,2341.204803867338,40,1,2,33.03511822485166,0,One year
47,111.60849915576406,3125.0379763613937,47,2,2,19.96545058480946,1,Two year
67,46.240948775983284,138.72284632794987,65,0,1,32.71389188649492,0,Month-to-month
62,107.54621633223925,7528.2351432567475,29,2,2,3.193651045735857,0,Two year
22,146.08856599394517,3944.3912818365197,50,1,0,3.648333740136602,1,One year
50,32.20709305262439,64.41418610524877,13,1,1,23.404290561357673,1,One year
18,107.43827536926642,4082.654464032124,1,0,0,27.931492754195713,1,Month-to-month
35,77.68752850959424,233.06258552878273,34,2,5,44.50306437645513,0,Two year
49,132.85849306907568,2125.735889105211,48,2,4,6.1283710614869165,0,Two year
64,43.029472628160164,1721.1789051264066,48,2,3,41.30974843250058,0,Two year
66,110.04137378940139,220.08274757880278,49,1,1,11.29231952731141,1,One year
28,128.95498765425432,5287.154493824427,64,0,2,20.310098776991563,1,Month-to-month
38,142.799848531623,1713.5981823794762,61,2,1,16.51351930654323,0,Two year
43,108.82224367765396,3808.7785287178885,29,1,4,20.60760837040455,1,One year
42,84.63271932109555,5501.126755871211,39,1,1,8.374279405556692,0,One year
39,100.3201412261578,5517.607767438679,26,1,0,25.674933645774193,0,One year
44,132.95764798223337,5983.094159200502,17,2,3,40.280486901737,0,Two year
66,94.17926706304786,5839.114557908967,71,2,1,22.635166508565952,0,Two year
30,23.950317760588792,1173.5655702688507,13,2,3,25.040065219011755,0,Two year
50,141.0233304159071,3525.583260397678,69,2,0,42.5896116787844,0,Two year
51,109.63847763410294,2521.6849855843675,26,2,2,35.596847617263506,0,Two year
58,107.94674015104205,2590.7217636250093,49,2,2,25.03226601746945,1,Two year
52,48.03776981170323,1825.4352528447228,67,2,1,13.627086761269805,0,Two year
18,105.65511113024543,2958.343111646872,7,2,3,44.36141059540336,1,Two year
38,71.2023727350406,1495.2498274358525,58,2,3,29.27399968283736,0,Two year
65,104.66028701539398,5651.655498831275,49,1,1,11.836232895423976,0,One year
23,33.857093940038794,609.4276909206983,53,2,1,14.186867879262508,1,Two year
45,105.51988959839468,3798.7160255422086,65,0,3,40.35352135787605,1,Month-to-month
34,149.92378435018665,6746.570295758399,62,1,1,3.1631325422853176,0,One year
22,26.267565051872282,1392.1809477492309,17,2,0,49.61251716441218,0,Two year
48,147.03264394877124,4410.979318463137,43,0,1,7.3872323060247975,1,Month-to-month
22,72.89803489397318,4373.882093638391,25,2,3,40.00735774444993,0,Two year
55,133.1979485438437,4262.334353402998,3,0,4,20.34399052181246,1,Month-to-month
20,121.71011292757555,8154.577566147562,29,0,2,25.118592981085875,1,Month-to-month
40,93.71211392826682,6278.711633193877,32,0,0,44.15187829576431,0,Month-to-month
54,115.99839720267245,3247.9551216748287,26,0,2,21.23264828987145,1,Month-to-month
54,134.20702296917523,5905.10901064371,16,1,1,27.33719392998849,0,One year
27,72.53824181463429,2974.067914400006,25,1,3,3.415683458049327,0,One year
27,62.51431100322103,3938.401593202925,54,0,2,1.1150262195052045,1,Month-to-month
36,106.78714012326601,2456.1042228351184,28,2,2,12.99519377708457,0,Two year
34,125.01997245236362,6000.958677713454,56,0,2,34.348571553019596,0,Month-to-month
38,119.09706752096005,3811.1061606707217,65,1,0,6.941979774597699,1,One year
31,123.71577435162249,7051.799138042482,41,2,3,6.574335981422922,0,Two year
26,76.6258309256813,2528.652420547483,51,1,2,21.13706979375926,1,One year
63,126.31844810275281,3031.6427544660673,71,1,0,32.7440148918031,1,One year
18,35.6271771981791,1389.4599107289848,29,2,2,35.891527620148594,1,Two year
68,90.78358273491044,3086.641812986955,19,0,2,9.744083030820365,0,Month-to-month
62,20.748625864755805,1161.923048426325,66,0,2,4.89981922123008,0,Month-to-month
30,62.19615788703514,1741.492420836984,41,0,2,47.07945466333167,0,Month-to-month
21,67.63999953328172,2502.679982731424,45,0,3,13.772652745542985,0,Month-to-month
18,71.5024499092032,500.5171493644224,15,2,1,42.813978382827464,0,Two year
66,110.41073686968208,7507.930107138382,3,2,2,43.31108107267809,1,Two year
57,70.51255316514494,2608.9644671103624,11,2,2,38.853606996364675,0,Two year
49,78.33017094092898,4386.489572692023,53,1,3,9.272846725975933,0,One year
51,50.88073701366257,3307.2479058880667,46,2,2,41.268271503455814,0,Two year
45,68.52273291181422,4453.977639267924,30,0,4,38.69327740283775,0,Month-to-month
48,49.54505154420969,2328.6174225778555,57,1,2,30.239426515204638,0,One year
25,29.515470089897672,590.3094017979535,18,0,1,17.522899723278684,0,Month-to-month
56,98.44831713957913,1870.5180256520034,51,0,1,13.862921609060662,1,Month-to-month
43,106.86766381215212,3099.1622505524115,48,2,0,6.972571391937589,1,Two year
51,100.53374498124988,6032.024698874993,66,2,2,25.9780962781427,0,Two year
20,80.2542256940744,1444.5760624933394,8,0,4,29.67778289998248,1,Month-to-month
67,69.37215142329987,2428.0252998154956,22,0,1,18.607610535273572,1,Month-to-month
29,132.2333744443373,5686.035101106504,6,1,0,24.29259431636256,0,One year
18,87.48063206770834,962.2869527447917,57,2,2,18.81220841109407,1,Two year
61,82.29364409186502,4032.388560501386,36,1,0,32.40929680871436,0,One year
22,23.33346855483664,886.6718050837923,57,1,0,45.1617011820316,0,One year
47,64.36221759140032,4119.181925849621,49,1,3,9.0320928403003,0,One year
47,69.42543044216143,4790.354700509139,45,0,2,19.68903168525305,1,Month-to-month
34,71.84696151659706,574.7756921327765,66,1,3,7.902561593592204,0,One year
65,95.4224079995532,3244.3618719848087,45,1,1,31.622244749983768,0,One year
64,89.3683310744942,4289.679891575721,20,0,1,36.71465496494119,1,Month-to-month
40,99.0276620631478,5545.549075536277,64,2,2,46.66372389727534,0,Two year
32,119.43482400047668,7763.263560030984,67,2,4,14.664724386787281,1,Two year
54,125.68814603309215,3896.3325270258565,3,1,3,47.56034908740608,1,One year
38,113.35599990944428,453.4239996377771,54,0,1,4.099870919213065,1,Month-to-month
31,144.21808047414152,7210.904023707076,64,2,4,30.547679304864822,0,Two year
19,22.370235747927012,1543.5462666069639,40,1,1,3.7995032478231687,1,One year
28,45.451138138861,1363.53414416583,59,1,3,44.794935200335296,1,One year
68,20.983173747158474,1238.00725108235,55,0,1,26.960643796432652,0,Month-to-month
56,104.1717128400984,6979.5047602865925,62,1,1,33.79806918737701,0,One year
55,136.7439713634983,6153.478711357424,4,2,2,41.74712236961217,1,Two year
51,51.652698554918906,206.61079421967563,60,0,3,8.365220501714468,1,Month-to-month
55,140.51449082351985,3653.376761411516,30,2,1,2.890986534968558,0,Two year
67,27.83476073764291,751.5385399163586,2,2,3,44.06517614972976,0,Two year
51,141.47668348471686,6507.927440296976,62,2,2,16.431728145487693,0,Two year
35,65.71094934115247,4205.500757833758,49,1,2,7.319966488431098,0,One year
47,33.18470769839815,1692.4200926183057,9,1,2,23.95460061726724,1,One year
32,83.16332869422233,4158.166434711116,31,2,0,30.31699770910492,0,Two year
44,53.38095380366603,320.28572282199616,61,2,5,2.517559567702996,1,Two year
68,57.03347725504997,3364.975158047948,48,0,2,14.469887254597298,0,Month-to-month
51,59.947695440417256,899.2154316062588,25,0,2,2.6071938395679046,0,Month-to-month
69,124.39336671824624,3731.8010015473874,36,1,0,21.59643407057945,0,One year
55,90.09096596778308,3783.8205706468893,8,1,4,44.85990142424597,1,One year
50,60.470000890280474,2237.3900329403778,58,0,1,49.14996816318489,1,Month-to-month
41,99.34339183041939,4172.422456877614,45,2,1,32.21533012167775,0,Two year
32,113.09958764901516,3958.4855677155306,62,1,5,8.920246995444998,0,One year
47,55.44112009535939,332.6467205721563,39,2,0,45.38662010996598,0,Two year
59,73.7613831982957,5015.774057484108,58,0,2,26.296143336802963,1,Month-to-month
68,35.84519213380318,645.2134584084572,64,1,1,8.533716293042986,1,One year
34,43.54941543950844,1262.9330477457447,44,1,3,46.164606803131406,0,One year
22,108.54532101544777,6404.1739399114185,29,0,2,38.11598348543205,1,Month-to-month
46,43.5869852004315,2048.5883044202806,59,1,5,36.85355836343442,0,One year
21,88.27123987671783,1500.611077904203,71,0,3,35.74985448592583,1,Month-to-month
27,112.17601402391625,2467.8723085261577,9,1,2,10.816651233725674,0,One year
34,33.8940000023167,2304.7920001575358,6,0,2,11.339327893668777,0,Month-to-month
27,93.75058855175746,6468.790610071264,29,1,1,34.726356922935494,0,One year
34,53.353161881177286,1974.0669896035595,58,2,0,11.766414755409446,0,Two year
37,145.18049378088537,7113.844195263383,17,2,1,22.494913143349393,0,Two year
41,82.86093407359022,1077.1921429566728,16,2,3,39.31808945410313,0,Two year
22,124.77903147077055,4242.487070006198,3,1,1,39.41367338679421,1,One year
51,91.52945048031403,4851.060875456644,21,1,1,23.209826853767122,0,One year
23,25.643629271126493,1307.825092827451,64,2,0,39.81730697548701,0,Two year
19,102.30967882722291,306.92903648166873,36,2,2,42.09246801370478,1,Two year
30,143.68243448686542,6034.662248448348,62,0,3,33.08401181292875,1,Month-to-month
60,98.20953661902305,3142.7051718087378,42,0,4,12.192866763112589,0,Month-to-month
60,126.49455172548272,6451.222137999619,42,0,2,14.426577238891829,1,Month-to-month
65,134.946840235293,6207.5546508234775,61,2,3,16.427216615028033,0,Two year
28,49.650370353361225,1042.6577774205857,13,2,3,6.723401278963648,0,Two year
68,47.565829188069465,2092.8964842750565,11,2,2,14.384821398127311,1,Two year
64,99.42752855062892,1093.7028140569182,54,0,3,11.266441991314073,0,Month-to-month
40,73.4337010748716,4993.491673091269,16,1,0,23.311108740621506,0,One year
33,129.18196937267365,129.18196937267365,8,2,2,45.51343984574098,1,Two year
48,137.00300604174146,8631.189380629712,59,1,2,6.119535520943946,1,One year
28,65.94477930935335,1582.6747034244804,57,1,4,36.29312827342238,0,One year
33,50.793172666682665,660.3112446668747,40,1,2,34.67686721624326,1,One year
25,121.46831698170203,1336.1514867987223,59,0,2,5.691955734504525,0,Month-to-month
21,55.72478462125769,2841.9640156841424,2,1,2,46.2060478403842,0,One year
57,126.93986140677819,2157.9776439152292,10,2,2,28.85513790568416,0,Two year
21,75.08597297433917,1802.06335138414,44,0,1,18.822550535648528,1,Month-to-month
42,106.78148690789116,2028.8482512499322,11,2,2,38.07039059127003,0,Two year
20,32.41959079850686,1199.5248595447538,2,2,3,13.610907461680068,0,Two year
49,101.10171220795449,808.8136976636359,50,0,1,34.9819820152697,0,Month-to-month
20,78.72979823583978,2204.434350603514,12,2,3,2.9458491710401136,0,Two year
44,96.25910021281163,481.29550106405816,23,2,3,42.13099384285432,0,Two year
46,41.841847006832246,711.3113991161482,18,0,1,22.960371504044605,1,Month-to-month
49,115.79358684274368,4168.569126338773,62,2,1,32.197952803539145,0,Two year
67,132.1636200806197,2511.108781531774,62,1,4,11.8406531705275,1,One year
68,48.17617401180084,3083.2751367552537,38,2,2,34.17661192026395,0,Two year
36,32.44289221762102,356.87181439383124,67,1,1,38.839773518770556,0,One year
38,23.073016186023732,1245.9428740452815,38,2,1,24.187446157335536,0,Two year
22,103.45629505762459,4655.5332775931065,67,0,0,31.26861927902792,0,Month-to-month
35,98.9222246915415,4649.344560502451,61,0,2,23.35997026729753,0,Month-to-month
45,91.0706636528291,1092.847963833949,1,2,3,44.81047709363443,1,Two year
59,50.1531224950768,1053.2155723966127,45,0,2,25.395589845201638,0,Month-to-month
39,70.81777946771692,778.9955741448861,28,2,1,42.24862674241213,0,Two year
38,97.2819235742025,486.4096178710125,21,0,1,40.26625085524218,0,Month-to-month
23,84.57969165169202,4736.462732494753,13,1,4,21.11473624606947,0,One year
18,148.41211762793534,2968.242352558707,27,2,1,12.274140101016277,1,Two year
22,37.737167832375306,1547.2238811273876,7,1,1,20.89802449542878,0,One year
58,110.3687920261872,5076.964433204611,22,1,3,41.484651412985784,0,One year
29,72.56143985355797,870.7372782426957,53,2,1,12.153994255150225,1,Two year
43,75.66594994032991,5296.616495823094,4,1,1,26.697380947029718,0,One year
63,113.28770953556291,1925.8910621045695,23,2,3,40.49874065007663,0,Two year
51,110.01669967216806,2090.317293771193,70,1,2,18.32039628129056,1,One year
66,148.86327918128447,3870.445258713396,33,2,2,32.468272213132174,1,Two year
31,36.69125762903628,1761.1803661937415,28,2,2,13.035947128391912,0,Two year
43,33.534254419941625,1743.7812298369645,8,0,2,6.354692823039836,1,Month-to-month
62,114.16404622673635,7991.483235871544,1,2,3,39.92482702954996,0,Two year
44,95.19029921083319,5235.466456595826,37,2,3,5.849462547026635,1,Two year
26,55.64088665277476,1836.149259541567,63,1,5,14.297688358899645,0,One year
43,30.32451796856826,1880.1201140512321,22,2,1,42.900361677874564,1,Two year
64,31.13557244753597,716.1181662933274,70,0,3,17.97699506685469,1,Month-to-month
39,136.24481370633538,2043.6722055950306,21,1,1,48.67922212619389,0,One year
64,44.94275221343658,1213.4543097627875,35,1,0,49.006982403919125,0,One year
47,62.0383030750177,3970.451396801133,5,0,2,14.145525002224279,0,Month-to-month
60,49.46533228950844,2522.7319467649304,60,1,3,3.007932890244632,0,One year
65,66.14951975815185,3505.924547182048,46,1,1,35.548100926063576,0,One year
34,29.02509955699214,1480.280077406599,50,1,4,23.098338629768843,1,One year
43,87.47777281807515,4111.455322449532,48,1,1,5.936889354019238,0,One year
53,28.789633266987938,115.15853306795175,6,0,0,35.6686181299241,0,Month-to-month
18,124.04634601690701,868.324422118349,56,0,2,2.52757054648414,0,Month-to-month
25,50.38257064835629,1763.3899726924703,59,1,0,43.63963783411987,1,One year
66,90.20154889858638,4329.674347132146,29,1,4,7.793973926551883,0,One year
52,134.41028138298958,6048.462662234531,71,0,1,7.238282058589525,1,Month-to-month
69,104.61405797613524,1987.6671015465697,18,0,2,9.607942600460643,0,Month-to-month
32,89.28451225167359,5624.924271855436,2,0,1,48.05305156611126,0,Month-to-month
64,62.16338790499883,2362.2087403899554,8,1,1,34.965298652438456,1,One year
39,63.29024869756573,4240.446662736904,54,1,1,40.2672052377182,0,One year
31,107.03330417576471,6314.964946370118,38,2,2,20.4841143009049,0,Two year
43,149.2381169587518,10297.430070153874,48,0,1,17.479323647742824,0,Month-to-month
45,106.03909468041923,1378.5082308454498,27,1,2,12.489716332375327,0,One year
40,92.51184425810324,4348.056680130852,20,0,3,24.55175338730804,0,Month-to-month
31,114.98456633110199,7014.058546197221,12,1,4,28.039607943174257,1,One year
41,80.47672959688336,2494.7786175033843,43,0,2,31.956967338985013,0,Month-to-month
19,27.818504538102076,612.0070998382457,61,1,2,13.59880669593603,0,One year
62,93.09858606412827,4003.2392007575154,31,2,3,47.484049964246545,0,Two year
43,144.49128698569945,9680.916228041862,61,2,3,9.318166412149656,1,Two year
31,42.789382506495755,2310.6266553507708,67,0,2,48.317005563554204,0,Month-to-month
68,109.70063580668655,1097.0063580668655,35,1,3,1.7279500028676855,1,One year
24,46.12137952567734,1937.0979400784483,15,1,1,24.575158899025435,0,One year
20,89.65759898150057,5738.0863348160365,16,0,4,17.335024067711576,1,Month-to-month
64,32.56793845407355,683.9267075355446,13,1,0,23.00704728258229,0,One year
40,78.54822171356406,5184.182633095228,35,0,5,28.96256437005866,1,Month-to-month
63,118.30123275638199,4850.350543011662,59,1,2,22.343868742622742,1,One year
60,65.18429815106768,1564.4231556256243,21,0,1,21.32749566477815,1,Month-to-month
64,106.43852418333834,3725.348346416842,54,1,1,36.90344735525202,0,One year
62,123.4084949026648,6910.875714549229,30,0,1,34.60793747923677,1,Month-to-month
35,140.53311653232885,4215.993495969866,48,1,2,41.830292819756544,0,One year
55,50.50347064120896,2878.697826548911,35,2,1,13.247990080735283,0,Two year
