Visitor,TS_Design_Selected,TS_Design_Name,TS_Reward,TS_Regret,TS_Cumul_Reward,Random_Design_Selected,Random_Reward,Random_Regret,Random_Cumul_Reward
1,1,Urgency — 'Only 12 left!',0,0.20000000000000007,0,3,1,0.10000000000000003,1
2,3,Doctor endorsement + quote,1,0.10000000000000003,1,2,0,0.25000000000000006,1
3,3,Doctor endorsement + quote,0,0.10000000000000003,1,2,1,0.25000000000000006,2
4,3,Doctor endorsement + quote,1,0.10000000000000003,2,2,0,0.25000000000000006,2
5,4,Free shipping + money-back,1,0.0,3,3,1,0.10000000000000003,3
6,4,Free shipping + money-back,1,0.0,4,0,0,0.35000000000000003,3
7,3,Doctor endorsement + quote,1,0.10000000000000003,5,0,0,0.35000000000000003,3
8,3,Doctor endorsement + quote,0,0.10000000000000003,5,4,1,0.0,4
9,4,Free shipping + money-back,0,0.0,5,2,0,0.25000000000000006,4
10,2,"Social proof — 4,200 reviews",0,0.25000000000000006,5,0,0,0.35000000000000003,4
11,2,"Social proof — 4,200 reviews",0,0.25000000000000006,5,4,1,0.0,5
12,3,Doctor endorsement + quote,0,0.10000000000000003,5,1,1,0.20000000000000007,6
13,4,Free shipping + money-back,0,0.0,5,2,1,0.25000000000000006,7
14,0,Plain product info page,0,0.35000000000000003,5,0,0,0.35000000000000003,7
15,1,Urgency — 'Only 12 left!',1,0.20000000000000007,6,0,0,0.35000000000000003,7
16,3,Doctor endorsement + quote,0,0.10000000000000003,6,0,0,0.35000000000000003,7
17,4,Free shipping + money-back,0,0.0,6,4,0,0.0,7
18,1,Urgency — 'Only 12 left!',0,0.20000000000000007,6,1,0,0.20000000000000007,7
19,0,Plain product info page,0,0.35000000000000003,6,2,0,0.25000000000000006,7
20,4,Free shipping + money-back,1,0.0,7,0,0,0.35000000000000003,7
21,3,Doctor endorsement + quote,0,0.10000000000000003,7,3,0,0.10000000000000003,7
22,0,Plain product info page,0,0.35000000000000003,7,2,0,0.25000000000000006,7
23,4,Free shipping + money-back,0,0.0,7,3,1,0.10000000000000003,8
24,2,"Social proof — 4,200 reviews",0,0.25000000000000006,7,4,0,0.0,8
25,3,Doctor endorsement + quote,0,0.10000000000000003,7,0,0,0.35000000000000003,8
26,3,Doctor endorsement + quote,0,0.10000000000000003,7,2,0,0.25000000000000006,8
27,4,Free shipping + money-back,1,0.0,8,2,1,0.25000000000000006,9
28,4,Free shipping + money-back,1,0.0,9,0,0,0.35000000000000003,9
29,4,Free shipping + money-back,0,0.0,9,1,0,0.20000000000000007,9
30,1,Urgency — 'Only 12 left!',1,0.20000000000000007,10,4,1,0.0,10
31,4,Free shipping + money-back,0,0.0,10,0,0,0.35000000000000003,10
32,1,Urgency — 'Only 12 left!',0,0.20000000000000007,10,2,0,0.25000000000000006,10
33,1,Urgency — 'Only 12 left!',0,0.20000000000000007,10,1,0,0.20000000000000007,10
34,4,Free shipping + money-back,0,0.0,10,2,1,0.25000000000000006,11
35,4,Free shipping + money-back,1,0.0,11,3,0,0.10000000000000003,11
36,4,Free shipping + money-back,0,0.0,11,2,0,0.25000000000000006,11
37,3,Doctor endorsement + quote,0,0.10000000000000003,11,4,0,0.0,11
38,2,"Social proof — 4,200 reviews",0,0.25000000000000006,11,0,0,0.35000000000000003,11
39,4,Free shipping + money-back,0,0.0,11,2,0,0.25000000000000006,11
40,1,Urgency — 'Only 12 left!',0,0.20000000000000007,11,3,0,0.10000000000000003,11
41,4,Free shipping + money-back,0,0.0,11,3,0,0.10000000000000003,11
42,1,Urgency — 'Only 12 left!',1,0.20000000000000007,12,0,0,0.35000000000000003,11
43,4,Free shipping + money-back,1,0.0,13,3,0,0.10000000000000003,11
44,1,Urgency — 'Only 12 left!',0,0.20000000000000007,13,0,1,0.35000000000000003,12
45,4,Free shipping + money-back,1,0.0,14,4,1,0.0,13
46,0,Plain product info page,0,0.35000000000000003,14,0,0,0.35000000000000003,13
47,4,Free shipping + money-back,1,0.0,15,1,0,0.20000000000000007,13
48,4,Free shipping + money-back,0,0.0,15,3,0,0.10000000000000003,13
49,4,Free shipping + money-back,0,0.0,15,3,0,0.10000000000000003,13
50,4,Free shipping + money-back,1,0.0,16,2,0,0.25000000000000006,13
51,4,Free shipping + money-back,0,0.0,16,1,1,0.20000000000000007,14
52,4,Free shipping + money-back,0,0.0,16,2,0,0.25000000000000006,14
53,4,Free shipping + money-back,0,0.0,16,0,1,0.35000000000000003,15
54,4,Free shipping + money-back,0,0.0,16,4,0,0.0,15
55,1,Urgency — 'Only 12 left!',1,0.20000000000000007,17,3,1,0.10000000000000003,16
56,1,Urgency — 'Only 12 left!',0,0.20000000000000007,17,4,1,0.0,17
57,1,Urgency — 'Only 12 left!',1,0.20000000000000007,18,0,0,0.35000000000000003,17
58,4,Free shipping + money-back,1,0.0,19,0,0,0.35000000000000003,17
59,1,Urgency — 'Only 12 left!',0,0.20000000000000007,19,1,0,0.20000000000000007,17
60,3,Doctor endorsement + quote,1,0.10000000000000003,20,2,0,0.25000000000000006,17
61,4,Free shipping + money-back,1,0.0,21,3,0,0.10000000000000003,17
62,1,Urgency — 'Only 12 left!',1,0.20000000000000007,22,3,0,0.10000000000000003,17
63,1,Urgency — 'Only 12 left!',1,0.20000000000000007,23,4,0,0.0,17
64,4,Free shipping + money-back,1,0.0,24,1,0,0.20000000000000007,17
65,4,Free shipping + money-back,0,0.0,24,0,0,0.35000000000000003,17
66,4,Free shipping + money-back,1,0.0,25,1,1,0.20000000000000007,18
67,1,Urgency — 'Only 12 left!',0,0.20000000000000007,25,3,0,0.10000000000000003,18
68,3,Doctor endorsement + quote,1,0.10000000000000003,26,2,0,0.25000000000000006,18
69,3,Doctor endorsement + quote,0,0.10000000000000003,26,4,0,0.0,18
70,4,Free shipping + money-back,0,0.0,26,0,1,0.35000000000000003,19
71,4,Free shipping + money-back,1,0.0,27,0,0,0.35000000000000003,19
72,2,"Social proof — 4,200 reviews",0,0.25000000000000006,27,0,0,0.35000000000000003,19
73,1,Urgency — 'Only 12 left!',0,0.20000000000000007,27,2,0,0.25000000000000006,19
74,4,Free shipping + money-back,0,0.0,27,3,0,0.10000000000000003,19
75,4,Free shipping + money-back,0,0.0,27,3,1,0.10000000000000003,20
76,4,Free shipping + money-back,0,0.0,27,1,0,0.20000000000000007,20
77,1,Urgency — 'Only 12 left!',0,0.20000000000000007,27,1,0,0.20000000000000007,20
78,3,Doctor endorsement + quote,0,0.10000000000000003,27,3,0,0.10000000000000003,20
79,4,Free shipping + money-back,0,0.0,27,0,0,0.35000000000000003,20
80,4,Free shipping + money-back,1,0.0,28,2,1,0.25000000000000006,21
81,4,Free shipping + money-back,0,0.0,28,3,1,0.10000000000000003,22
82,4,Free shipping + money-back,1,0.0,29,2,0,0.25000000000000006,22
83,4,Free shipping + money-back,0,0.0,29,4,0,0.0,22
84,3,Doctor endorsement + quote,1,0.10000000000000003,30,0,0,0.35000000000000003,22
85,4,Free shipping + money-back,1,0.0,31,4,1,0.0,23
86,1,Urgency — 'Only 12 left!',0,0.20000000000000007,31,3,1,0.10000000000000003,24
87,3,Doctor endorsement + quote,0,0.10000000000000003,31,1,0,0.20000000000000007,24
88,4,Free shipping + money-back,0,0.0,31,3,0,0.10000000000000003,24
89,4,Free shipping + money-back,0,0.0,31,4,0,0.0,24
90,1,Urgency — 'Only 12 left!',0,0.20000000000000007,31,2,0,0.25000000000000006,24
91,1,Urgency — 'Only 12 left!',1,0.20000000000000007,32,3,0,0.10000000000000003,24
92,2,"Social proof — 4,200 reviews",1,0.25000000000000006,33,1,0,0.20000000000000007,24
93,3,Doctor endorsement + quote,0,0.10000000000000003,33,4,1,0.0,25
94,2,"Social proof — 4,200 reviews",0,0.25000000000000006,33,3,1,0.10000000000000003,26
95,1,Urgency — 'Only 12 left!',0,0.20000000000000007,33,4,1,0.0,27
96,3,Doctor endorsement + quote,1,0.10000000000000003,34,4,1,0.0,28
97,1,Urgency — 'Only 12 left!',0,0.20000000000000007,34,0,0,0.35000000000000003,28
98,4,Free shipping + money-back,1,0.0,35,2,0,0.25000000000000006,28
99,3,Doctor endorsement + quote,0,0.10000000000000003,35,0,0,0.35000000000000003,28
100,4,Free shipping + money-back,1,0.0,36,4,1,0.0,29
101,3,Doctor endorsement + quote,0,0.10000000000000003,36,1,0,0.20000000000000007,29
102,4,Free shipping + money-back,1,0.0,37,1,1,0.20000000000000007,30
103,4,Free shipping + money-back,1,0.0,38,0,0,0.35000000000000003,30
104,4,Free shipping + money-back,1,0.0,39,1,1,0.20000000000000007,31
105,4,Free shipping + money-back,1,0.0,40,4,1,0.0,32
106,4,Free shipping + money-back,0,0.0,40,3,0,0.10000000000000003,32
107,1,Urgency — 'Only 12 left!',0,0.20000000000000007,40,4,0,0.0,32
108,3,Doctor endorsement + quote,0,0.10000000000000003,40,3,0,0.10000000000000003,32
109,0,Plain product info page,0,0.35000000000000003,40,1,1,0.20000000000000007,33
110,0,Plain product info page,0,0.35000000000000003,40,2,1,0.25000000000000006,34
111,3,Doctor endorsement + quote,1,0.10000000000000003,41,2,0,0.25000000000000006,34
112,4,Free shipping + money-back,1,0.0,42,4,1,0.0,35
113,4,Free shipping + money-back,1,0.0,43,4,1,0.0,36
114,4,Free shipping + money-back,1,0.0,44,1,0,0.20000000000000007,36
115,3,Doctor endorsement + quote,0,0.10000000000000003,44,2,0,0.25000000000000006,36
116,4,Free shipping + money-back,1,0.0,45,2,0,0.25000000000000006,36
117,1,Urgency — 'Only 12 left!',0,0.20000000000000007,45,4,0,0.0,36
118,3,Doctor endorsement + quote,0,0.10000000000000003,45,2,0,0.25000000000000006,36
119,4,Free shipping + money-back,1,0.0,46,4,1,0.0,37
120,4,Free shipping + money-back,0,0.0,46,0,0,0.35000000000000003,37
121,4,Free shipping + money-back,1,0.0,47,2,1,0.25000000000000006,38
122,4,Free shipping + money-back,1,0.0,48,3,0,0.10000000000000003,38
123,4,Free shipping + money-back,0,0.0,48,1,1,0.20000000000000007,39
124,1,Urgency — 'Only 12 left!',1,0.20000000000000007,49,4,0,0.0,39
125,4,Free shipping + money-back,0,0.0,49,2,1,0.25000000000000006,40
126,4,Free shipping + money-back,0,0.0,49,2,0,0.25000000000000006,40
127,4,Free shipping + money-back,0,0.0,49,4,0,0.0,40
128,4,Free shipping + money-back,0,0.0,49,3,0,0.10000000000000003,40
129,4,Free shipping + money-back,1,0.0,50,2,1,0.25000000000000006,41
130,1,Urgency — 'Only 12 left!',0,0.20000000000000007,50,0,0,0.35000000000000003,41
131,4,Free shipping + money-back,1,0.0,51,1,1,0.20000000000000007,42
132,4,Free shipping + money-back,1,0.0,52,4,1,0.0,43
133,4,Free shipping + money-back,0,0.0,52,2,0,0.25000000000000006,43
134,4,Free shipping + money-back,0,0.0,52,1,0,0.20000000000000007,43
135,4,Free shipping + money-back,0,0.0,52,4,0,0.0,43
136,4,Free shipping + money-back,1,0.0,53,4,1,0.0,44
137,4,Free shipping + money-back,0,0.0,53,4,0,0.0,44
138,2,"Social proof — 4,200 reviews",1,0.25000000000000006,54,3,1,0.10000000000000003,45
139,1,Urgency — 'Only 12 left!',0,0.20000000000000007,54,0,0,0.35000000000000003,45
140,4,Free shipping + money-back,0,0.0,54,4,0,0.0,45
141,4,Free shipping + money-back,1,0.0,55,3,0,0.10000000000000003,45
142,4,Free shipping + money-back,1,0.0,56,4,1,0.0,46
143,4,Free shipping + money-back,1,0.0,57,4,1,0.0,47
144,4,Free shipping + money-back,0,0.0,57,3,0,0.10000000000000003,47
145,2,"Social proof — 4,200 reviews",0,0.25000000000000006,57,0,0,0.35000000000000003,47
146,2,"Social proof — 4,200 reviews",1,0.25000000000000006,58,1,1,0.20000000000000007,48
147,4,Free shipping + money-back,1,0.0,59,2,0,0.25000000000000006,48
148,2,"Social proof — 4,200 reviews",0,0.25000000000000006,59,4,1,0.0,49
149,4,Free shipping + money-back,0,0.0,59,0,0,0.35000000000000003,49
150,1,Urgency — 'Only 12 left!',1,0.20000000000000007,60,2,1,0.25000000000000006,50
151,4,Free shipping + money-back,1,0.0,61,4,1,0.0,51
152,4,Free shipping + money-back,1,0.0,62,2,0,0.25000000000000006,51
153,4,Free shipping + money-back,0,0.0,62,3,1,0.10000000000000003,52
154,2,"Social proof — 4,200 reviews",1,0.25000000000000006,63,0,0,0.35000000000000003,52
155,4,Free shipping + money-back,1,0.0,64,0,1,0.35000000000000003,53
156,4,Free shipping + money-back,1,0.0,65,1,1,0.20000000000000007,54
157,2,"Social proof — 4,200 reviews",0,0.25000000000000006,65,1,0,0.20000000000000007,54
158,1,Urgency — 'Only 12 left!',1,0.20000000000000007,66,2,0,0.25000000000000006,54
159,4,Free shipping + money-back,0,0.0,66,3,1,0.10000000000000003,55
160,2,"Social proof — 4,200 reviews",1,0.25000000000000006,67,2,1,0.25000000000000006,56
161,4,Free shipping + money-back,1,0.0,68,4,1,0.0,57
162,4,Free shipping + money-back,1,0.0,69,0,0,0.35000000000000003,57
163,4,Free shipping + money-back,1,0.0,70,2,0,0.25000000000000006,57
164,4,Free shipping + money-back,1,0.0,71,2,1,0.25000000000000006,58
165,4,Free shipping + money-back,0,0.0,71,0,0,0.35000000000000003,58
166,4,Free shipping + money-back,1,0.0,72,0,1,0.35000000000000003,59
167,4,Free shipping + money-back,1,0.0,73,1,1,0.20000000000000007,60
168,4,Free shipping + money-back,1,0.0,74,1,0,0.20000000000000007,60
169,4,Free shipping + money-back,1,0.0,75,0,0,0.35000000000000003,60
170,4,Free shipping + money-back,1,0.0,76,2,0,0.25000000000000006,60
171,4,Free shipping + money-back,1,0.0,77,4,1,0.0,61
172,4,Free shipping + money-back,0,0.0,77,2,0,0.25000000000000006,61
173,4,Free shipping + money-back,1,0.0,78,4,1,0.0,62
174,2,"Social proof — 4,200 reviews",1,0.25000000000000006,79,0,0,0.35000000000000003,62
175,4,Free shipping + money-back,0,0.0,79,4,0,0.0,62
176,4,Free shipping + money-back,0,0.0,79,1,0,0.20000000000000007,62
177,1,Urgency — 'Only 12 left!',1,0.20000000000000007,80,0,0,0.35000000000000003,62
178,1,Urgency — 'Only 12 left!',0,0.20000000000000007,80,3,1,0.10000000000000003,63
179,4,Free shipping + money-back,1,0.0,81,4,1,0.0,64
180,4,Free shipping + money-back,1,0.0,82,4,1,0.0,65
181,2,"Social proof — 4,200 reviews",0,0.25000000000000006,82,3,0,0.10000000000000003,65
182,4,Free shipping + money-back,0,0.0,82,3,0,0.10000000000000003,65
183,4,Free shipping + money-back,0,0.0,82,0,1,0.35000000000000003,66
184,4,Free shipping + money-back,1,0.0,83,2,0,0.25000000000000006,66
185,2,"Social proof — 4,200 reviews",0,0.25000000000000006,83,3,0,0.10000000000000003,66
186,4,Free shipping + money-back,0,0.0,83,4,0,0.0,66
187,4,Free shipping + money-back,1,0.0,84,3,0,0.10000000000000003,66
188,4,Free shipping + money-back,0,0.0,84,0,0,0.35000000000000003,66
189,4,Free shipping + money-back,0,0.0,84,0,0,0.35000000000000003,66
190,1,Urgency — 'Only 12 left!',1,0.20000000000000007,85,4,0,0.0,66
191,2,"Social proof — 4,200 reviews",0,0.25000000000000006,85,4,0,0.0,66
192,1,Urgency — 'Only 12 left!',0,0.20000000000000007,85,4,0,0.0,66
193,4,Free shipping + money-back,1,0.0,86,2,0,0.25000000000000006,66
194,4,Free shipping + money-back,0,0.0,86,4,0,0.0,66
195,4,Free shipping + money-back,0,0.0,86,0,0,0.35000000000000003,66
196,4,Free shipping + money-back,1,0.0,87,0,0,0.35000000000000003,66
197,4,Free shipping + money-back,1,0.0,88,3,1,0.10000000000000003,67
198,4,Free shipping + money-back,1,0.0,89,4,1,0.0,68
199,4,Free shipping + money-back,1,0.0,90,2,0,0.25000000000000006,68
200,4,Free shipping + money-back,0,0.0,90,1,0,0.20000000000000007,68
201,4,Free shipping + money-back,0,0.0,90,3,1,0.10000000000000003,69
202,4,Free shipping + money-back,1,0.0,91,2,0,0.25000000000000006,69
203,4,Free shipping + money-back,1,0.0,92,4,1,0.0,70
204,4,Free shipping + money-back,0,0.0,92,2,0,0.25000000000000006,70
205,4,Free shipping + money-back,1,0.0,93,1,0,0.20000000000000007,70
206,4,Free shipping + money-back,1,0.0,94,2,1,0.25000000000000006,71
207,4,Free shipping + money-back,0,0.0,94,1,1,0.20000000000000007,72
208,4,Free shipping + money-back,1,0.0,95,1,0,0.20000000000000007,72
209,4,Free shipping + money-back,1,0.0,96,1,0,0.20000000000000007,72
210,3,Doctor endorsement + quote,1,0.10000000000000003,97,2,1,0.25000000000000006,73
211,4,Free shipping + money-back,1,0.0,98,4,1,0.0,74
212,4,Free shipping + money-back,0,0.0,98,0,0,0.35000000000000003,74
213,4,Free shipping + money-back,1,0.0,99,0,0,0.35000000000000003,74
214,4,Free shipping + money-back,1,0.0,100,2,1,0.25000000000000006,75
215,4,Free shipping + money-back,0,0.0,100,4,0,0.0,75
216,4,Free shipping + money-back,0,0.0,100,0,0,0.35000000000000003,75
217,4,Free shipping + money-back,1,0.0,101,1,0,0.20000000000000007,75
218,4,Free shipping + money-back,1,0.0,102,2,0,0.25000000000000006,75
219,4,Free shipping + money-back,0,0.0,102,2,1,0.25000000000000006,76
220,1,Urgency — 'Only 12 left!',0,0.20000000000000007,102,3,1,0.10000000000000003,77
221,4,Free shipping + money-back,1,0.0,103,3,0,0.10000000000000003,77
222,4,Free shipping + money-back,0,0.0,103,3,0,0.10000000000000003,77
223,4,Free shipping + money-back,0,0.0,103,4,0,0.0,77
224,4,Free shipping + money-back,0,0.0,103,2,0,0.25000000000000006,77
225,4,Free shipping + money-back,0,0.0,103,3,0,0.10000000000000003,77
226,4,Free shipping + money-back,0,0.0,103,2,0,0.25000000000000006,77
227,4,Free shipping + money-back,1,0.0,104,1,0,0.20000000000000007,77
228,4,Free shipping + money-back,0,0.0,104,3,0,0.10000000000000003,77
229,4,Free shipping + money-back,1,0.0,105,2,0,0.25000000000000006,77
230,1,Urgency — 'Only 12 left!',0,0.20000000000000007,105,4,1,0.0,78
231,4,Free shipping + money-back,0,0.0,105,4,0,0.0,78
232,4,Free shipping + money-back,0,0.0,105,4,0,0.0,78
233,4,Free shipping + money-back,1,0.0,106,3,0,0.10000000000000003,78
234,4,Free shipping + money-back,0,0.0,106,4,0,0.0,78
235,4,Free shipping + money-back,1,0.0,107,0,0,0.35000000000000003,78
236,4,Free shipping + money-back,1,0.0,108,1,0,0.20000000000000007,78
237,4,Free shipping + money-back,1,0.0,109,2,1,0.25000000000000006,79
238,4,Free shipping + money-back,0,0.0,109,0,0,0.35000000000000003,79
239,4,Free shipping + money-back,0,0.0,109,3,1,0.10000000000000003,80
240,4,Free shipping + money-back,1,0.0,110,2,0,0.25000000000000006,80
241,4,Free shipping + money-back,0,0.0,110,2,1,0.25000000000000006,81
242,4,Free shipping + money-back,1,0.0,111,4,1,0.0,82
243,4,Free shipping + money-back,0,0.0,111,2,0,0.25000000000000006,82
244,4,Free shipping + money-back,1,0.0,112,2,1,0.25000000000000006,83
245,4,Free shipping + money-back,1,0.0,113,1,1,0.20000000000000007,84
246,4,Free shipping + money-back,0,0.0,113,3,0,0.10000000000000003,84
247,4,Free shipping + money-back,1,0.0,114,0,0,0.35000000000000003,84
248,4,Free shipping + money-back,1,0.0,115,4,1,0.0,85
249,4,Free shipping + money-back,0,0.0,115,1,1,0.20000000000000007,86
250,4,Free shipping + money-back,0,0.0,115,0,1,0.35000000000000003,87
251,4,Free shipping + money-back,1,0.0,116,0,0,0.35000000000000003,87
252,4,Free shipping + money-back,1,0.0,117,1,0,0.20000000000000007,87
253,4,Free shipping + money-back,1,0.0,118,4,1,0.0,88
254,4,Free shipping + money-back,1,0.0,119,3,0,0.10000000000000003,88
255,4,Free shipping + money-back,1,0.0,120,1,1,0.20000000000000007,89
256,4,Free shipping + money-back,0,0.0,120,1,0,0.20000000000000007,89
257,4,Free shipping + money-back,0,0.0,120,1,0,0.20000000000000007,89
258,2,"Social proof — 4,200 reviews",0,0.25000000000000006,120,4,1,0.0,90
259,4,Free shipping + money-back,1,0.0,121,1,0,0.20000000000000007,90
260,4,Free shipping + money-back,1,0.0,122,1,0,0.20000000000000007,90
261,4,Free shipping + money-back,1,0.0,123,2,1,0.25000000000000006,91
262,4,Free shipping + money-back,0,0.0,123,2,0,0.25000000000000006,91
263,4,Free shipping + money-back,1,0.0,124,2,1,0.25000000000000006,92
264,4,Free shipping + money-back,1,0.0,125,2,0,0.25000000000000006,92
265,4,Free shipping + money-back,0,0.0,125,1,0,0.20000000000000007,92
266,4,Free shipping + money-back,1,0.0,126,2,0,0.25000000000000006,92
267,4,Free shipping + money-back,0,0.0,126,0,0,0.35000000000000003,92
268,4,Free shipping + money-back,1,0.0,127,3,1,0.10000000000000003,93
269,4,Free shipping + money-back,0,0.0,127,2,0,0.25000000000000006,93
270,4,Free shipping + money-back,0,0.0,127,4,0,0.0,93
271,4,Free shipping + money-back,0,0.0,127,3,0,0.10000000000000003,93
272,4,Free shipping + money-back,0,0.0,127,0,1,0.35000000000000003,94
273,4,Free shipping + money-back,1,0.0,128,3,1,0.10000000000000003,95
274,4,Free shipping + money-back,1,0.0,129,3,0,0.10000000000000003,95
275,4,Free shipping + money-back,0,0.0,129,0,0,0.35000000000000003,95
276,4,Free shipping + money-back,0,0.0,129,2,0,0.25000000000000006,95
277,4,Free shipping + money-back,1,0.0,130,0,0,0.35000000000000003,95
278,4,Free shipping + money-back,1,0.0,131,4,1,0.0,96
279,2,"Social proof — 4,200 reviews",0,0.25000000000000006,131,0,0,0.35000000000000003,96
280,4,Free shipping + money-back,1,0.0,132,1,0,0.20000000000000007,96
281,4,Free shipping + money-back,1,0.0,133,1,0,0.20000000000000007,96
282,4,Free shipping + money-back,0,0.0,133,3,0,0.10000000000000003,96
283,4,Free shipping + money-back,1,0.0,134,2,0,0.25000000000000006,96
284,4,Free shipping + money-back,1,0.0,135,2,0,0.25000000000000006,96
285,4,Free shipping + money-back,0,0.0,135,1,0,0.20000000000000007,96
286,1,Urgency — 'Only 12 left!',0,0.20000000000000007,135,4,0,0.0,96
287,4,Free shipping + money-back,0,0.0,135,0,0,0.35000000000000003,96
288,4,Free shipping + money-back,0,0.0,135,0,0,0.35000000000000003,96
289,4,Free shipping + money-back,1,0.0,136,0,0,0.35000000000000003,96
290,4,Free shipping + money-back,0,0.0,136,4,0,0.0,96
291,4,Free shipping + money-back,1,0.0,137,4,1,0.0,97
292,4,Free shipping + money-back,1,0.0,138,0,0,0.35000000000000003,97
293,3,Doctor endorsement + quote,0,0.10000000000000003,138,0,1,0.35000000000000003,98
294,4,Free shipping + money-back,0,0.0,138,4,0,0.0,98
295,4,Free shipping + money-back,1,0.0,139,0,0,0.35000000000000003,98
296,4,Free shipping + money-back,1,0.0,140,4,1,0.0,99
297,4,Free shipping + money-back,1,0.0,141,3,1,0.10000000000000003,100
298,4,Free shipping + money-back,1,0.0,142,1,0,0.20000000000000007,100
299,4,Free shipping + money-back,1,0.0,143,1,0,0.20000000000000007,100
300,4,Free shipping + money-back,0,0.0,143,4,0,0.0,100
301,4,Free shipping + money-back,1,0.0,144,0,0,0.35000000000000003,100
302,4,Free shipping + money-back,0,0.0,144,1,1,0.20000000000000007,101
303,4,Free shipping + money-back,0,0.0,144,2,0,0.25000000000000006,101
304,4,Free shipping + money-back,0,0.0,144,0,0,0.35000000000000003,101
305,4,Free shipping + money-back,0,0.0,144,4,0,0.0,101
306,4,Free shipping + money-back,1,0.0,145,2,0,0.25000000000000006,101
307,4,Free shipping + money-back,1,0.0,146,4,1,0.0,102
308,4,Free shipping + money-back,0,0.0,146,0,0,0.35000000000000003,102
309,4,Free shipping + money-back,0,0.0,146,3,0,0.10000000000000003,102
310,4,Free shipping + money-back,0,0.0,146,3,0,0.10000000000000003,102
311,4,Free shipping + money-back,1,0.0,147,3,1,0.10000000000000003,103
312,4,Free shipping + money-back,0,0.0,147,0,0,0.35000000000000003,103
313,4,Free shipping + money-back,1,0.0,148,0,0,0.35000000000000003,103
314,4,Free shipping + money-back,0,0.0,148,2,1,0.25000000000000006,104
315,4,Free shipping + money-back,0,0.0,148,0,1,0.35000000000000003,105
316,4,Free shipping + money-back,1,0.0,149,0,0,0.35000000000000003,105
317,4,Free shipping + money-back,0,0.0,149,2,0,0.25000000000000006,105
318,4,Free shipping + money-back,1,0.0,150,2,0,0.25000000000000006,105
319,4,Free shipping + money-back,1,0.0,151,4,1,0.0,106
320,4,Free shipping + money-back,1,0.0,152,1,0,0.20000000000000007,106
321,4,Free shipping + money-back,0,0.0,152,1,0,0.20000000000000007,106
322,4,Free shipping + money-back,0,0.0,152,4,0,0.0,106
323,4,Free shipping + money-back,0,0.0,152,3,1,0.10000000000000003,107
324,3,Doctor endorsement + quote,1,0.10000000000000003,153,0,0,0.35000000000000003,107
325,4,Free shipping + money-back,0,0.0,153,2,1,0.25000000000000006,108
326,4,Free shipping + money-back,0,0.0,153,2,1,0.25000000000000006,109
327,4,Free shipping + money-back,1,0.0,154,3,1,0.10000000000000003,110
328,4,Free shipping + money-back,0,0.0,154,2,0,0.25000000000000006,110
329,4,Free shipping + money-back,1,0.0,155,3,0,0.10000000000000003,110
330,4,Free shipping + money-back,0,0.0,155,4,0,0.0,110
331,4,Free shipping + money-back,1,0.0,156,3,1,0.10000000000000003,111
332,4,Free shipping + money-back,1,0.0,157,1,1,0.20000000000000007,112
333,4,Free shipping + money-back,1,0.0,158,3,0,0.10000000000000003,112
334,4,Free shipping + money-back,0,0.0,158,4,0,0.0,112
335,4,Free shipping + money-back,1,0.0,159,3,1,0.10000000000000003,113
336,4,Free shipping + money-back,1,0.0,160,4,1,0.0,114
337,4,Free shipping + money-back,0,0.0,160,1,0,0.20000000000000007,114
338,4,Free shipping + money-back,0,0.0,160,0,0,0.35000000000000003,114
339,4,Free shipping + money-back,1,0.0,161,4,1,0.0,115
340,4,Free shipping + money-back,1,0.0,162,0,0,0.35000000000000003,115
341,4,Free shipping + money-back,1,0.0,163,4,1,0.0,116
342,3,Doctor endorsement + quote,1,0.10000000000000003,164,3,1,0.10000000000000003,117
343,2,"Social proof — 4,200 reviews",0,0.25000000000000006,164,0,0,0.35000000000000003,117
344,4,Free shipping + money-back,0,0.0,164,4,0,0.0,117
345,4,Free shipping + money-back,0,0.0,164,4,0,0.0,117
346,4,Free shipping + money-back,1,0.0,165,0,0,0.35000000000000003,117
347,3,Doctor endorsement + quote,0,0.10000000000000003,165,4,0,0.0,117
348,4,Free shipping + money-back,0,0.0,165,0,0,0.35000000000000003,117
349,4,Free shipping + money-back,0,0.0,165,1,1,0.20000000000000007,118
350,4,Free shipping + money-back,0,0.0,165,2,0,0.25000000000000006,118
351,4,Free shipping + money-back,0,0.0,165,1,1,0.20000000000000007,119
352,4,Free shipping + money-back,0,0.0,165,0,1,0.35000000000000003,120
353,4,Free shipping + money-back,1,0.0,166,3,1,0.10000000000000003,121
354,4,Free shipping + money-back,0,0.0,166,3,0,0.10000000000000003,121
355,4,Free shipping + money-back,1,0.0,167,2,1,0.25000000000000006,122
356,4,Free shipping + money-back,0,0.0,167,0,0,0.35000000000000003,122
357,4,Free shipping + money-back,1,0.0,168,4,1,0.0,123
358,4,Free shipping + money-back,0,0.0,168,1,0,0.20000000000000007,123
359,4,Free shipping + money-back,0,0.0,168,1,0,0.20000000000000007,123
360,3,Doctor endorsement + quote,1,0.10000000000000003,169,2,0,0.25000000000000006,123
361,4,Free shipping + money-back,1,0.0,170,2,0,0.25000000000000006,123
362,4,Free shipping + money-back,0,0.0,170,2,0,0.25000000000000006,123
363,4,Free shipping + money-back,0,0.0,170,2,0,0.25000000000000006,123
364,4,Free shipping + money-back,1,0.0,171,2,0,0.25000000000000006,123
365,3,Doctor endorsement + quote,1,0.10000000000000003,172,2,0,0.25000000000000006,123
366,4,Free shipping + money-back,0,0.0,172,4,0,0.0,123
367,4,Free shipping + money-back,1,0.0,173,4,1,0.0,124
368,4,Free shipping + money-back,1,0.0,174,1,1,0.20000000000000007,125
369,4,Free shipping + money-back,1,0.0,175,1,0,0.20000000000000007,125
370,4,Free shipping + money-back,1,0.0,176,2,1,0.25000000000000006,126
371,4,Free shipping + money-back,1,0.0,177,1,1,0.20000000000000007,127
372,4,Free shipping + money-back,1,0.0,178,2,1,0.25000000000000006,128
373,4,Free shipping + money-back,1,0.0,179,4,1,0.0,129
374,4,Free shipping + money-back,1,0.0,180,3,1,0.10000000000000003,130
375,4,Free shipping + money-back,1,0.0,181,4,1,0.0,131
376,4,Free shipping + money-back,1,0.0,182,0,0,0.35000000000000003,131
377,4,Free shipping + money-back,1,0.0,183,4,1,0.0,132
378,4,Free shipping + money-back,0,0.0,183,0,0,0.35000000000000003,132
379,4,Free shipping + money-back,1,0.0,184,1,0,0.20000000000000007,132
380,4,Free shipping + money-back,1,0.0,185,4,1,0.0,133
381,4,Free shipping + money-back,1,0.0,186,3,0,0.10000000000000003,133
382,2,"Social proof — 4,200 reviews",1,0.25000000000000006,187,4,1,0.0,134
383,4,Free shipping + money-back,0,0.0,187,4,0,0.0,134
384,4,Free shipping + money-back,0,0.0,187,4,0,0.0,134
385,4,Free shipping + money-back,0,0.0,187,2,0,0.25000000000000006,134
386,4,Free shipping + money-back,0,0.0,187,4,0,0.0,134
387,4,Free shipping + money-back,0,0.0,187,4,0,0.0,134
388,4,Free shipping + money-back,1,0.0,188,3,1,0.10000000000000003,135
389,3,Doctor endorsement + quote,0,0.10000000000000003,188,0,0,0.35000000000000003,135
390,4,Free shipping + money-back,1,0.0,189,0,1,0.35000000000000003,136
391,4,Free shipping + money-back,1,0.0,190,3,0,0.10000000000000003,136
392,4,Free shipping + money-back,1,0.0,191,1,0,0.20000000000000007,136
393,4,Free shipping + money-back,0,0.0,191,4,0,0.0,136
394,4,Free shipping + money-back,1,0.0,192,1,0,0.20000000000000007,136
395,4,Free shipping + money-back,0,0.0,192,3,1,0.10000000000000003,137
396,4,Free shipping + money-back,0,0.0,192,1,1,0.20000000000000007,138
397,3,Doctor endorsement + quote,1,0.10000000000000003,193,0,1,0.35000000000000003,139
398,2,"Social proof — 4,200 reviews",0,0.25000000000000006,193,2,0,0.25000000000000006,139
399,4,Free shipping + money-back,1,0.0,194,1,0,0.20000000000000007,139
400,3,Doctor endorsement + quote,1,0.10000000000000003,195,2,0,0.25000000000000006,139
401,4,Free shipping + money-back,1,0.0,196,1,0,0.20000000000000007,139
402,4,Free shipping + money-back,1,0.0,197,3,0,0.10000000000000003,139
403,4,Free shipping + money-back,1,0.0,198,2,0,0.25000000000000006,139
404,4,Free shipping + money-back,1,0.0,199,1,1,0.20000000000000007,140
405,4,Free shipping + money-back,0,0.0,199,3,1,0.10000000000000003,141
406,4,Free shipping + money-back,0,0.0,199,0,1,0.35000000000000003,142
407,4,Free shipping + money-back,0,0.0,199,4,0,0.0,142
408,4,Free shipping + money-back,1,0.0,200,3,1,0.10000000000000003,143
409,4,Free shipping + money-back,1,0.0,201,3,0,0.10000000000000003,143
410,4,Free shipping + money-back,0,0.0,201,0,0,0.35000000000000003,143
411,4,Free shipping + money-back,1,0.0,202,2,0,0.25000000000000006,143
412,4,Free shipping + money-back,1,0.0,203,1,0,0.20000000000000007,143
413,4,Free shipping + money-back,0,0.0,203,2,0,0.25000000000000006,143
414,4,Free shipping + money-back,0,0.0,203,3,0,0.10000000000000003,143
415,1,Urgency — 'Only 12 left!',0,0.20000000000000007,203,1,0,0.20000000000000007,143
416,4,Free shipping + money-back,1,0.0,204,4,1,0.0,144
417,4,Free shipping + money-back,1,0.0,205,4,1,0.0,145
418,4,Free shipping + money-back,1,0.0,206,1,0,0.20000000000000007,145
419,4,Free shipping + money-back,1,0.0,207,3,0,0.10000000000000003,145
420,4,Free shipping + money-back,1,0.0,208,0,0,0.35000000000000003,145
421,4,Free shipping + money-back,1,0.0,209,2,0,0.25000000000000006,145
422,4,Free shipping + money-back,0,0.0,209,2,0,0.25000000000000006,145
423,4,Free shipping + money-back,0,0.0,209,0,0,0.35000000000000003,145
424,4,Free shipping + money-back,0,0.0,209,0,0,0.35000000000000003,145
425,4,Free shipping + money-back,1,0.0,210,4,1,0.0,146
426,4,Free shipping + money-back,1,0.0,211,0,0,0.35000000000000003,146
427,4,Free shipping + money-back,1,0.0,212,1,0,0.20000000000000007,146
428,4,Free shipping + money-back,1,0.0,213,4,1,0.0,147
429,4,Free shipping + money-back,1,0.0,214,3,1,0.10000000000000003,148
430,4,Free shipping + money-back,0,0.0,214,4,0,0.0,148
431,4,Free shipping + money-back,0,0.0,214,4,0,0.0,148
432,4,Free shipping + money-back,1,0.0,215,2,1,0.25000000000000006,149
433,4,Free shipping + money-back,1,0.0,216,0,0,0.35000000000000003,149
434,4,Free shipping + money-back,0,0.0,216,1,1,0.20000000000000007,150
435,4,Free shipping + money-back,1,0.0,217,0,0,0.35000000000000003,150
436,4,Free shipping + money-back,1,0.0,218,2,0,0.25000000000000006,150
437,4,Free shipping + money-back,1,0.0,219,0,0,0.35000000000000003,150
438,4,Free shipping + money-back,0,0.0,219,1,1,0.20000000000000007,151
439,3,Doctor endorsement + quote,1,0.10000000000000003,220,0,0,0.35000000000000003,151
440,3,Doctor endorsement + quote,1,0.10000000000000003,221,2,0,0.25000000000000006,151
441,4,Free shipping + money-back,0,0.0,221,1,1,0.20000000000000007,152
442,4,Free shipping + money-back,0,0.0,221,0,1,0.35000000000000003,153
443,4,Free shipping + money-back,1,0.0,222,2,1,0.25000000000000006,154
444,4,Free shipping + money-back,1,0.0,223,2,1,0.25000000000000006,155
445,4,Free shipping + money-back,1,0.0,224,4,1,0.0,156
446,4,Free shipping + money-back,0,0.0,224,1,0,0.20000000000000007,156
447,3,Doctor endorsement + quote,1,0.10000000000000003,225,1,1,0.20000000000000007,157
448,3,Doctor endorsement + quote,1,0.10000000000000003,226,0,0,0.35000000000000003,157
449,4,Free shipping + money-back,1,0.0,227,4,1,0.0,158
450,4,Free shipping + money-back,0,0.0,227,1,1,0.20000000000000007,159
451,4,Free shipping + money-back,1,0.0,228,2,0,0.25000000000000006,159
452,4,Free shipping + money-back,0,0.0,228,1,0,0.20000000000000007,159
453,4,Free shipping + money-back,0,0.0,228,4,0,0.0,159
454,3,Doctor endorsement + quote,0,0.10000000000000003,228,3,0,0.10000000000000003,159
455,4,Free shipping + money-back,0,0.0,228,2,0,0.25000000000000006,159
456,4,Free shipping + money-back,1,0.0,229,1,1,0.20000000000000007,160
457,4,Free shipping + money-back,0,0.0,229,2,0,0.25000000000000006,160
458,3,Doctor endorsement + quote,1,0.10000000000000003,230,0,0,0.35000000000000003,160
459,3,Doctor endorsement + quote,1,0.10000000000000003,231,2,0,0.25000000000000006,160
460,4,Free shipping + money-back,1,0.0,232,1,1,0.20000000000000007,161
461,3,Doctor endorsement + quote,0,0.10000000000000003,232,0,0,0.35000000000000003,161
462,4,Free shipping + money-back,1,0.0,233,0,0,0.35000000000000003,161
463,4,Free shipping + money-back,0,0.0,233,0,0,0.35000000000000003,161
464,4,Free shipping + money-back,1,0.0,234,3,1,0.10000000000000003,162
465,4,Free shipping + money-back,0,0.0,234,3,0,0.10000000000000003,162
466,4,Free shipping + money-back,1,0.0,235,0,0,0.35000000000000003,162
467,4,Free shipping + money-back,1,0.0,236,1,1,0.20000000000000007,163
468,3,Doctor endorsement + quote,1,0.10000000000000003,237,0,1,0.35000000000000003,164
469,4,Free shipping + money-back,0,0.0,237,0,0,0.35000000000000003,164
470,4,Free shipping + money-back,0,0.0,237,2,0,0.25000000000000006,164
471,4,Free shipping + money-back,0,0.0,237,2,0,0.25000000000000006,164
472,3,Doctor endorsement + quote,1,0.10000000000000003,238,2,1,0.25000000000000006,165
473,4,Free shipping + money-back,1,0.0,239,4,1,0.0,166
474,4,Free shipping + money-back,1,0.0,240,2,1,0.25000000000000006,167
475,4,Free shipping + money-back,0,0.0,240,2,0,0.25000000000000006,167
476,4,Free shipping + money-back,1,0.0,241,1,1,0.20000000000000007,168
477,1,Urgency — 'Only 12 left!',1,0.20000000000000007,242,3,1,0.10000000000000003,169
478,3,Doctor endorsement + quote,0,0.10000000000000003,242,3,0,0.10000000000000003,169
479,4,Free shipping + money-back,0,0.0,242,3,0,0.10000000000000003,169
480,4,Free shipping + money-back,0,0.0,242,4,0,0.0,169
481,3,Doctor endorsement + quote,0,0.10000000000000003,242,0,0,0.35000000000000003,169
482,4,Free shipping + money-back,1,0.0,243,2,1,0.25000000000000006,170
483,4,Free shipping + money-back,0,0.0,243,1,0,0.20000000000000007,170
484,3,Doctor endorsement + quote,1,0.10000000000000003,244,4,0,0.0,170
485,3,Doctor endorsement + quote,1,0.10000000000000003,245,3,1,0.10000000000000003,171
486,4,Free shipping + money-back,0,0.0,245,4,0,0.0,171
487,4,Free shipping + money-back,1,0.0,246,1,0,0.20000000000000007,171
488,4,Free shipping + money-back,1,0.0,247,4,1,0.0,172
489,4,Free shipping + money-back,0,0.0,247,3,0,0.10000000000000003,172
490,3,Doctor endorsement + quote,0,0.10000000000000003,247,0,1,0.35000000000000003,173
491,4,Free shipping + money-back,1,0.0,248,3,0,0.10000000000000003,173
492,4,Free shipping + money-back,0,0.0,248,3,1,0.10000000000000003,174
493,4,Free shipping + money-back,0,0.0,248,3,1,0.10000000000000003,175
494,3,Doctor endorsement + quote,1,0.10000000000000003,249,4,0,0.0,175
495,0,Plain product info page,0,0.35000000000000003,249,1,0,0.20000000000000007,175
496,4,Free shipping + money-back,0,0.0,249,3,0,0.10000000000000003,175
497,4,Free shipping + money-back,1,0.0,250,4,1,0.0,176
498,4,Free shipping + money-back,1,0.0,251,1,0,0.20000000000000007,176
499,4,Free shipping + money-back,1,0.0,252,0,1,0.35000000000000003,177
500,4,Free shipping + money-back,1,0.0,253,3,1,0.10000000000000003,178
501,4,Free shipping + money-back,0,0.0,253,2,1,0.25000000000000006,179
502,4,Free shipping + money-back,1,0.0,254,4,1,0.0,180
503,4,Free shipping + money-back,1,0.0,255,0,0,0.35000000000000003,180
504,3,Doctor endorsement + quote,0,0.10000000000000003,255,0,1,0.35000000000000003,181
505,4,Free shipping + money-back,1,0.0,256,0,0,0.35000000000000003,181
506,3,Doctor endorsement + quote,1,0.10000000000000003,257,4,1,0.0,182
507,3,Doctor endorsement + quote,1,0.10000000000000003,258,1,0,0.20000000000000007,182
508,4,Free shipping + money-back,1,0.0,259,2,0,0.25000000000000006,182
509,4,Free shipping + money-back,0,0.0,259,1,0,0.20000000000000007,182
510,3,Doctor endorsement + quote,0,0.10000000000000003,259,3,0,0.10000000000000003,182
511,3,Doctor endorsement + quote,0,0.10000000000000003,259,2,0,0.25000000000000006,182
512,4,Free shipping + money-back,1,0.0,260,1,1,0.20000000000000007,183
513,4,Free shipping + money-back,1,0.0,261,3,1,0.10000000000000003,184
514,3,Doctor endorsement + quote,1,0.10000000000000003,262,2,0,0.25000000000000006,184
515,3,Doctor endorsement + quote,1,0.10000000000000003,263,4,0,0.0,184
516,3,Doctor endorsement + quote,1,0.10000000000000003,264,3,1,0.10000000000000003,185
517,4,Free shipping + money-back,1,0.0,265,1,0,0.20000000000000007,185
518,4,Free shipping + money-back,0,0.0,265,2,0,0.25000000000000006,185
519,4,Free shipping + money-back,1,0.0,266,3,0,0.10000000000000003,185
520,4,Free shipping + money-back,1,0.0,267,3,0,0.10000000000000003,185
521,1,Urgency — 'Only 12 left!',0,0.20000000000000007,267,4,0,0.0,185
522,3,Doctor endorsement + quote,0,0.10000000000000003,267,3,0,0.10000000000000003,185
523,3,Doctor endorsement + quote,0,0.10000000000000003,267,2,0,0.25000000000000006,185
524,4,Free shipping + money-back,0,0.0,267,0,1,0.35000000000000003,186
525,4,Free shipping + money-back,0,0.0,267,2,1,0.25000000000000006,187
526,3,Doctor endorsement + quote,0,0.10000000000000003,267,2,0,0.25000000000000006,187
527,4,Free shipping + money-back,0,0.0,267,4,0,0.0,187
528,4,Free shipping + money-back,0,0.0,267,4,0,0.0,187
529,4,Free shipping + money-back,0,0.0,267,3,1,0.10000000000000003,188
530,3,Doctor endorsement + quote,0,0.10000000000000003,267,4,1,0.0,189
531,4,Free shipping + money-back,1,0.0,268,3,0,0.10000000000000003,189
532,4,Free shipping + money-back,1,0.0,269,0,1,0.35000000000000003,190
533,4,Free shipping + money-back,1,0.0,270,1,1,0.20000000000000007,191
534,3,Doctor endorsement + quote,0,0.10000000000000003,270,4,1,0.0,192
535,4,Free shipping + money-back,0,0.0,270,4,0,0.0,192
536,4,Free shipping + money-back,0,0.0,270,0,1,0.35000000000000003,193
537,4,Free shipping + money-back,1,0.0,271,4,1,0.0,194
538,4,Free shipping + money-back,0,0.0,271,0,0,0.35000000000000003,194
539,4,Free shipping + money-back,1,0.0,272,3,1,0.10000000000000003,195
540,3,Doctor endorsement + quote,0,0.10000000000000003,272,4,1,0.0,196
541,2,"Social proof — 4,200 reviews",0,0.25000000000000006,272,4,1,0.0,197
542,4,Free shipping + money-back,1,0.0,273,3,1,0.10000000000000003,198
543,4,Free shipping + money-back,1,0.0,274,4,1,0.0,199
544,3,Doctor endorsement + quote,0,0.10000000000000003,274,2,0,0.25000000000000006,199
545,4,Free shipping + money-back,1,0.0,275,0,0,0.35000000000000003,199
546,4,Free shipping + money-back,0,0.0,275,1,0,0.20000000000000007,199
547,4,Free shipping + money-back,1,0.0,276,2,0,0.25000000000000006,199
548,4,Free shipping + money-back,0,0.0,276,1,0,0.20000000000000007,199
549,4,Free shipping + money-back,0,0.0,276,2,0,0.25000000000000006,199
550,4,Free shipping + money-back,0,0.0,276,2,0,0.25000000000000006,199
551,4,Free shipping + money-back,0,0.0,276,2,0,0.25000000000000006,199
552,4,Free shipping + money-back,1,0.0,277,0,1,0.35000000000000003,200
553,4,Free shipping + money-back,1,0.0,278,1,1,0.20000000000000007,201
554,3,Doctor endorsement + quote,0,0.10000000000000003,278,3,0,0.10000000000000003,201
555,4,Free shipping + money-back,1,0.0,279,3,0,0.10000000000000003,201
556,4,Free shipping + money-back,0,0.0,279,4,0,0.0,201
557,4,Free shipping + money-back,0,0.0,279,0,0,0.35000000000000003,201
558,4,Free shipping + money-back,0,0.0,279,0,0,0.35000000000000003,201
559,4,Free shipping + money-back,0,0.0,279,0,0,0.35000000000000003,201
560,4,Free shipping + money-back,0,0.0,279,2,0,0.25000000000000006,201
561,4,Free shipping + money-back,0,0.0,279,0,0,0.35000000000000003,201
562,4,Free shipping + money-back,1,0.0,280,3,1,0.10000000000000003,202
563,4,Free shipping + money-back,0,0.0,280,0,0,0.35000000000000003,202
564,4,Free shipping + money-back,1,0.0,281,2,0,0.25000000000000006,202
565,4,Free shipping + money-back,1,0.0,282,1,1,0.20000000000000007,203
566,4,Free shipping + money-back,0,0.0,282,0,0,0.35000000000000003,203
567,4,Free shipping + money-back,1,0.0,283,1,1,0.20000000000000007,204
568,4,Free shipping + money-back,1,0.0,284,4,1,0.0,205
569,4,Free shipping + money-back,1,0.0,285,2,1,0.25000000000000006,206
570,4,Free shipping + money-back,0,0.0,285,0,0,0.35000000000000003,206
571,4,Free shipping + money-back,1,0.0,286,4,1,0.0,207
572,4,Free shipping + money-back,0,0.0,286,4,0,0.0,207
573,3,Doctor endorsement + quote,1,0.10000000000000003,287,1,1,0.20000000000000007,208
574,3,Doctor endorsement + quote,1,0.10000000000000003,288,3,1,0.10000000000000003,209
575,4,Free shipping + money-back,0,0.0,288,3,1,0.10000000000000003,210
576,4,Free shipping + money-back,1,0.0,289,3,0,0.10000000000000003,210
577,4,Free shipping + money-back,1,0.0,290,3,0,0.10000000000000003,210
578,4,Free shipping + money-back,1,0.0,291,2,0,0.25000000000000006,210
579,3,Doctor endorsement + quote,1,0.10000000000000003,292,0,0,0.35000000000000003,210
580,4,Free shipping + money-back,0,0.0,292,0,0,0.35000000000000003,210
581,4,Free shipping + money-back,0,0.0,292,2,0,0.25000000000000006,210
582,3,Doctor endorsement + quote,1,0.10000000000000003,293,1,0,0.20000000000000007,210
583,4,Free shipping + money-back,0,0.0,293,0,0,0.35000000000000003,210
584,4,Free shipping + money-back,0,0.0,293,4,0,0.0,210
585,4,Free shipping + money-back,0,0.0,293,0,0,0.35000000000000003,210
586,3,Doctor endorsement + quote,0,0.10000000000000003,293,2,0,0.25000000000000006,210
587,4,Free shipping + money-back,1,0.0,294,1,1,0.20000000000000007,211
588,4,Free shipping + money-back,1,0.0,295,0,0,0.35000000000000003,211
589,4,Free shipping + money-back,0,0.0,295,2,0,0.25000000000000006,211
590,4,Free shipping + money-back,0,0.0,295,4,0,0.0,211
591,4,Free shipping + money-back,0,0.0,295,3,1,0.10000000000000003,212
592,3,Doctor endorsement + quote,0,0.10000000000000003,295,4,1,0.0,213
593,3,Doctor endorsement + quote,1,0.10000000000000003,296,4,1,0.0,214
594,4,Free shipping + money-back,1,0.0,297,1,0,0.20000000000000007,214
595,4,Free shipping + money-back,1,0.0,298,0,1,0.35000000000000003,215
596,4,Free shipping + money-back,0,0.0,298,3,1,0.10000000000000003,216
597,4,Free shipping + money-back,0,0.0,298,2,0,0.25000000000000006,216
598,1,Urgency — 'Only 12 left!',0,0.20000000000000007,298,3,1,0.10000000000000003,217
599,4,Free shipping + money-back,1,0.0,299,0,0,0.35000000000000003,217
600,4,Free shipping + money-back,1,0.0,300,1,1,0.20000000000000007,218
601,4,Free shipping + money-back,1,0.0,301,0,0,0.35000000000000003,218
602,4,Free shipping + money-back,0,0.0,301,2,0,0.25000000000000006,218
603,4,Free shipping + money-back,0,0.0,301,3,0,0.10000000000000003,218
604,4,Free shipping + money-back,1,0.0,302,4,1,0.0,219
605,4,Free shipping + money-back,0,0.0,302,0,0,0.35000000000000003,219
606,4,Free shipping + money-back,0,0.0,302,1,0,0.20000000000000007,219
607,3,Doctor endorsement + quote,1,0.10000000000000003,303,1,0,0.20000000000000007,219
608,4,Free shipping + money-back,1,0.0,304,3,0,0.10000000000000003,219
609,4,Free shipping + money-back,0,0.0,304,4,0,0.0,219
610,4,Free shipping + money-back,1,0.0,305,2,0,0.25000000000000006,219
611,4,Free shipping + money-back,1,0.0,306,4,1,0.0,220
612,4,Free shipping + money-back,1,0.0,307,3,0,0.10000000000000003,220
613,4,Free shipping + money-back,1,0.0,308,4,1,0.0,221
614,4,Free shipping + money-back,1,0.0,309,3,1,0.10000000000000003,222
615,4,Free shipping + money-back,1,0.0,310,4,1,0.0,223
616,4,Free shipping + money-back,1,0.0,311,0,1,0.35000000000000003,224
617,3,Doctor endorsement + quote,1,0.10000000000000003,312,1,1,0.20000000000000007,225
618,4,Free shipping + money-back,0,0.0,312,3,1,0.10000000000000003,226
619,4,Free shipping + money-back,1,0.0,313,3,1,0.10000000000000003,227
620,3,Doctor endorsement + quote,0,0.10000000000000003,313,1,1,0.20000000000000007,228
621,3,Doctor endorsement + quote,1,0.10000000000000003,314,2,1,0.25000000000000006,229
622,4,Free shipping + money-back,0,0.0,314,3,0,0.10000000000000003,229
623,4,Free shipping + money-back,1,0.0,315,0,0,0.35000000000000003,229
624,4,Free shipping + money-back,0,0.0,315,4,0,0.0,229
625,3,Doctor endorsement + quote,0,0.10000000000000003,315,0,0,0.35000000000000003,229
626,3,Doctor endorsement + quote,0,0.10000000000000003,315,3,0,0.10000000000000003,229
627,3,Doctor endorsement + quote,0,0.10000000000000003,315,2,0,0.25000000000000006,229
628,4,Free shipping + money-back,1,0.0,316,3,1,0.10000000000000003,230
629,4,Free shipping + money-back,0,0.0,316,2,0,0.25000000000000006,230
630,4,Free shipping + money-back,1,0.0,317,1,0,0.20000000000000007,230
631,4,Free shipping + money-back,1,0.0,318,4,1,0.0,231
632,4,Free shipping + money-back,1,0.0,319,0,1,0.35000000000000003,232
633,3,Doctor endorsement + quote,0,0.10000000000000003,319,2,0,0.25000000000000006,232
634,4,Free shipping + money-back,0,0.0,319,0,0,0.35000000000000003,232
635,3,Doctor endorsement + quote,0,0.10000000000000003,319,1,1,0.20000000000000007,233
636,4,Free shipping + money-back,0,0.0,319,3,0,0.10000000000000003,233
637,4,Free shipping + money-back,1,0.0,320,2,1,0.25000000000000006,234
638,3,Doctor endorsement + quote,0,0.10000000000000003,320,4,0,0.0,234
639,4,Free shipping + money-back,0,0.0,320,2,1,0.25000000000000006,235
640,4,Free shipping + money-back,0,0.0,320,3,0,0.10000000000000003,235
641,4,Free shipping + money-back,0,0.0,320,3,0,0.10000000000000003,235
642,4,Free shipping + money-back,1,0.0,321,4,1,0.0,236
643,4,Free shipping + money-back,0,0.0,321,4,0,0.0,236
644,4,Free shipping + money-back,1,0.0,322,1,0,0.20000000000000007,236
645,4,Free shipping + money-back,0,0.0,322,0,0,0.35000000000000003,236
646,4,Free shipping + money-back,0,0.0,322,2,0,0.25000000000000006,236
647,4,Free shipping + money-back,0,0.0,322,1,0,0.20000000000000007,236
648,4,Free shipping + money-back,1,0.0,323,0,0,0.35000000000000003,236
649,4,Free shipping + money-back,0,0.0,323,1,1,0.20000000000000007,237
650,4,Free shipping + money-back,1,0.0,324,4,1,0.0,238
651,4,Free shipping + money-back,1,0.0,325,4,1,0.0,239
652,4,Free shipping + money-back,0,0.0,325,3,0,0.10000000000000003,239
653,4,Free shipping + money-back,1,0.0,326,2,0,0.25000000000000006,239
654,4,Free shipping + money-back,0,0.0,326,2,0,0.25000000000000006,239
655,4,Free shipping + money-back,1,0.0,327,2,1,0.25000000000000006,240
656,4,Free shipping + money-back,1,0.0,328,1,1,0.20000000000000007,241
657,4,Free shipping + money-back,0,0.0,328,1,0,0.20000000000000007,241
658,4,Free shipping + money-back,1,0.0,329,2,1,0.25000000000000006,242
659,4,Free shipping + money-back,1,0.0,330,3,1,0.10000000000000003,243
660,4,Free shipping + money-back,0,0.0,330,0,0,0.35000000000000003,243
661,4,Free shipping + money-back,1,0.0,331,1,0,0.20000000000000007,243
662,4,Free shipping + money-back,0,0.0,331,2,1,0.25000000000000006,244
663,3,Doctor endorsement + quote,0,0.10000000000000003,331,4,1,0.0,245
664,4,Free shipping + money-back,0,0.0,331,1,0,0.20000000000000007,245
665,4,Free shipping + money-back,0,0.0,331,0,0,0.35000000000000003,245
666,4,Free shipping + money-back,0,0.0,331,1,1,0.20000000000000007,246
667,4,Free shipping + money-back,1,0.0,332,0,0,0.35000000000000003,246
668,4,Free shipping + money-back,0,0.0,332,0,0,0.35000000000000003,246
669,3,Doctor endorsement + quote,0,0.10000000000000003,332,1,0,0.20000000000000007,246
670,4,Free shipping + money-back,0,0.0,332,0,0,0.35000000000000003,246
671,4,Free shipping + money-back,1,0.0,333,1,0,0.20000000000000007,246
672,4,Free shipping + money-back,0,0.0,333,1,1,0.20000000000000007,247
673,4,Free shipping + money-back,0,0.0,333,3,1,0.10000000000000003,248
674,4,Free shipping + money-back,1,0.0,334,4,1,0.0,249
675,3,Doctor endorsement + quote,1,0.10000000000000003,335,0,0,0.35000000000000003,249
676,4,Free shipping + money-back,0,0.0,335,1,0,0.20000000000000007,249
677,4,Free shipping + money-back,1,0.0,336,0,0,0.35000000000000003,249
678,4,Free shipping + money-back,0,0.0,336,1,0,0.20000000000000007,249
679,0,Plain product info page,1,0.35000000000000003,337,1,0,0.20000000000000007,249
680,4,Free shipping + money-back,0,0.0,337,1,1,0.20000000000000007,250
681,4,Free shipping + money-back,1,0.0,338,4,1,0.0,251
682,4,Free shipping + money-back,1,0.0,339,0,0,0.35000000000000003,251
683,4,Free shipping + money-back,0,0.0,339,4,0,0.0,251
684,3,Doctor endorsement + quote,0,0.10000000000000003,339,4,1,0.0,252
685,4,Free shipping + money-back,0,0.0,339,4,0,0.0,252
686,4,Free shipping + money-back,1,0.0,340,4,1,0.0,253
687,4,Free shipping + money-back,1,0.0,341,3,1,0.10000000000000003,254
688,4,Free shipping + money-back,1,0.0,342,0,0,0.35000000000000003,254
689,4,Free shipping + money-back,1,0.0,343,0,0,0.35000000000000003,254
690,4,Free shipping + money-back,0,0.0,343,1,1,0.20000000000000007,255
691,4,Free shipping + money-back,1,0.0,344,0,0,0.35000000000000003,255
692,4,Free shipping + money-back,1,0.0,345,4,1,0.0,256
693,4,Free shipping + money-back,1,0.0,346,2,0,0.25000000000000006,256
694,4,Free shipping + money-back,1,0.0,347,0,0,0.35000000000000003,256
695,4,Free shipping + money-back,1,0.0,348,2,1,0.25000000000000006,257
696,4,Free shipping + money-back,0,0.0,348,3,0,0.10000000000000003,257
697,4,Free shipping + money-back,1,0.0,349,1,0,0.20000000000000007,257
698,4,Free shipping + money-back,1,0.0,350,1,0,0.20000000000000007,257
699,3,Doctor endorsement + quote,1,0.10000000000000003,351,1,1,0.20000000000000007,258
700,4,Free shipping + money-back,0,0.0,351,3,0,0.10000000000000003,258
701,4,Free shipping + money-back,1,0.0,352,4,1,0.0,259
702,4,Free shipping + money-back,1,0.0,353,2,1,0.25000000000000006,260
703,4,Free shipping + money-back,0,0.0,353,0,0,0.35000000000000003,260
704,4,Free shipping + money-back,0,0.0,353,4,0,0.0,260
705,4,Free shipping + money-back,1,0.0,354,1,0,0.20000000000000007,260
706,3,Doctor endorsement + quote,1,0.10000000000000003,355,1,0,0.20000000000000007,260
707,4,Free shipping + money-back,0,0.0,355,4,0,0.0,260
708,4,Free shipping + money-back,1,0.0,356,2,0,0.25000000000000006,260
709,4,Free shipping + money-back,0,0.0,356,4,0,0.0,260
710,4,Free shipping + money-back,0,0.0,356,3,1,0.10000000000000003,261
711,4,Free shipping + money-back,1,0.0,357,1,0,0.20000000000000007,261
712,4,Free shipping + money-back,1,0.0,358,2,0,0.25000000000000006,261
713,1,Urgency — 'Only 12 left!',1,0.20000000000000007,359,0,0,0.35000000000000003,261
714,4,Free shipping + money-back,0,0.0,359,1,0,0.20000000000000007,261
715,4,Free shipping + money-back,1,0.0,360,4,1,0.0,262
716,4,Free shipping + money-back,1,0.0,361,2,0,0.25000000000000006,262
717,4,Free shipping + money-back,0,0.0,361,1,0,0.20000000000000007,262
718,4,Free shipping + money-back,0,0.0,361,0,1,0.35000000000000003,263
719,4,Free shipping + money-back,1,0.0,362,0,0,0.35000000000000003,263
720,4,Free shipping + money-back,0,0.0,362,4,0,0.0,263
721,3,Doctor endorsement + quote,0,0.10000000000000003,362,3,0,0.10000000000000003,263
722,4,Free shipping + money-back,1,0.0,363,4,1,0.0,264
723,3,Doctor endorsement + quote,1,0.10000000000000003,364,2,1,0.25000000000000006,265
724,4,Free shipping + money-back,1,0.0,365,4,1,0.0,266
725,4,Free shipping + money-back,1,0.0,366,2,0,0.25000000000000006,266
726,4,Free shipping + money-back,1,0.0,367,3,1,0.10000000000000003,267
727,0,Plain product info page,0,0.35000000000000003,367,4,0,0.0,267
728,4,Free shipping + money-back,0,0.0,367,0,0,0.35000000000000003,267
729,4,Free shipping + money-back,0,0.0,367,2,0,0.25000000000000006,267
730,3,Doctor endorsement + quote,1,0.10000000000000003,368,2,0,0.25000000000000006,267
731,3,Doctor endorsement + quote,0,0.10000000000000003,368,0,0,0.35000000000000003,267
732,4,Free shipping + money-back,1,0.0,369,4,1,0.0,268
733,4,Free shipping + money-back,0,0.0,369,3,0,0.10000000000000003,268
734,4,Free shipping + money-back,0,0.0,369,1,0,0.20000000000000007,268
735,3,Doctor endorsement + quote,0,0.10000000000000003,369,4,1,0.0,269
736,4,Free shipping + money-back,1,0.0,370,4,1,0.0,270
737,4,Free shipping + money-back,1,0.0,371,2,1,0.25000000000000006,271
738,4,Free shipping + money-back,1,0.0,372,2,0,0.25000000000000006,271
739,4,Free shipping + money-back,1,0.0,373,3,1,0.10000000000000003,272
740,4,Free shipping + money-back,0,0.0,373,3,1,0.10000000000000003,273
741,4,Free shipping + money-back,0,0.0,373,3,1,0.10000000000000003,274
742,4,Free shipping + money-back,1,0.0,374,0,0,0.35000000000000003,274
743,4,Free shipping + money-back,1,0.0,375,1,1,0.20000000000000007,275
744,4,Free shipping + money-back,0,0.0,375,1,0,0.20000000000000007,275
745,4,Free shipping + money-back,1,0.0,376,3,0,0.10000000000000003,275
746,4,Free shipping + money-back,1,0.0,377,2,1,0.25000000000000006,276
747,4,Free shipping + money-back,1,0.0,378,1,0,0.20000000000000007,276
748,4,Free shipping + money-back,1,0.0,379,4,1,0.0,277
749,3,Doctor endorsement + quote,0,0.10000000000000003,379,0,1,0.35000000000000003,278
750,4,Free shipping + money-back,0,0.0,379,2,0,0.25000000000000006,278
751,4,Free shipping + money-back,1,0.0,380,0,0,0.35000000000000003,278
752,4,Free shipping + money-back,1,0.0,381,4,1,0.0,279
753,4,Free shipping + money-back,0,0.0,381,1,0,0.20000000000000007,279
754,4,Free shipping + money-back,1,0.0,382,0,0,0.35000000000000003,279
755,4,Free shipping + money-back,0,0.0,382,0,0,0.35000000000000003,279
756,4,Free shipping + money-back,0,0.0,382,0,0,0.35000000000000003,279
757,4,Free shipping + money-back,1,0.0,383,4,1,0.0,280
758,4,Free shipping + money-back,0,0.0,383,2,1,0.25000000000000006,281
759,4,Free shipping + money-back,1,0.0,384,2,1,0.25000000000000006,282
760,4,Free shipping + money-back,0,0.0,384,4,0,0.0,282
761,4,Free shipping + money-back,1,0.0,385,0,0,0.35000000000000003,282
762,4,Free shipping + money-back,0,0.0,385,0,0,0.35000000000000003,282
763,4,Free shipping + money-back,0,0.0,385,3,0,0.10000000000000003,282
764,4,Free shipping + money-back,1,0.0,386,1,0,0.20000000000000007,282
765,4,Free shipping + money-back,1,0.0,387,1,0,0.20000000000000007,282
766,4,Free shipping + money-back,0,0.0,387,2,1,0.25000000000000006,283
767,4,Free shipping + money-back,0,0.0,387,4,0,0.0,283
768,4,Free shipping + money-back,1,0.0,388,0,1,0.35000000000000003,284
769,4,Free shipping + money-back,0,0.0,388,1,0,0.20000000000000007,284
770,4,Free shipping + money-back,1,0.0,389,4,1,0.0,285
771,4,Free shipping + money-back,1,0.0,390,4,1,0.0,286
772,4,Free shipping + money-back,1,0.0,391,0,1,0.35000000000000003,287
773,4,Free shipping + money-back,1,0.0,392,4,1,0.0,288
774,4,Free shipping + money-back,0,0.0,392,1,1,0.20000000000000007,289
775,4,Free shipping + money-back,1,0.0,393,3,1,0.10000000000000003,290
776,4,Free shipping + money-back,0,0.0,393,1,0,0.20000000000000007,290
777,4,Free shipping + money-back,1,0.0,394,3,1,0.10000000000000003,291
778,4,Free shipping + money-back,1,0.0,395,4,1,0.0,292
779,4,Free shipping + money-back,1,0.0,396,1,0,0.20000000000000007,292
780,4,Free shipping + money-back,1,0.0,397,0,0,0.35000000000000003,292
781,4,Free shipping + money-back,1,0.0,398,4,1,0.0,293
782,4,Free shipping + money-back,1,0.0,399,0,0,0.35000000000000003,293
783,4,Free shipping + money-back,0,0.0,399,3,0,0.10000000000000003,293
784,4,Free shipping + money-back,1,0.0,400,2,1,0.25000000000000006,294
785,4,Free shipping + money-back,1,0.0,401,2,1,0.25000000000000006,295
786,4,Free shipping + money-back,1,0.0,402,3,0,0.10000000000000003,295
787,0,Plain product info page,0,0.35000000000000003,402,2,1,0.25000000000000006,296
788,4,Free shipping + money-back,0,0.0,402,4,0,0.0,296
789,4,Free shipping + money-back,1,0.0,403,4,1,0.0,297
790,4,Free shipping + money-back,1,0.0,404,1,0,0.20000000000000007,297
791,4,Free shipping + money-back,1,0.0,405,4,1,0.0,298
792,4,Free shipping + money-back,0,0.0,405,2,1,0.25000000000000006,299
793,4,Free shipping + money-back,1,0.0,406,0,0,0.35000000000000003,299
794,4,Free shipping + money-back,1,0.0,407,1,1,0.20000000000000007,300
795,4,Free shipping + money-back,1,0.0,408,0,0,0.35000000000000003,300
796,4,Free shipping + money-back,1,0.0,409,2,0,0.25000000000000006,300
797,4,Free shipping + money-back,1,0.0,410,0,1,0.35000000000000003,301
798,4,Free shipping + money-back,0,0.0,410,2,0,0.25000000000000006,301
799,4,Free shipping + money-back,1,0.0,411,4,1,0.0,302
800,4,Free shipping + money-back,0,0.0,411,1,0,0.20000000000000007,302
801,4,Free shipping + money-back,1,0.0,412,3,0,0.10000000000000003,302
802,4,Free shipping + money-back,1,0.0,413,2,1,0.25000000000000006,303
803,4,Free shipping + money-back,0,0.0,413,4,0,0.0,303
804,3,Doctor endorsement + quote,1,0.10000000000000003,414,0,0,0.35000000000000003,303
805,4,Free shipping + money-back,0,0.0,414,4,0,0.0,303
806,4,Free shipping + money-back,1,0.0,415,0,0,0.35000000000000003,303
807,4,Free shipping + money-back,1,0.0,416,0,1,0.35000000000000003,304
808,4,Free shipping + money-back,0,0.0,416,0,1,0.35000000000000003,305
809,4,Free shipping + money-back,1,0.0,417,0,0,0.35000000000000003,305
810,4,Free shipping + money-back,0,0.0,417,1,0,0.20000000000000007,305
811,4,Free shipping + money-back,1,0.0,418,0,1,0.35000000000000003,306
812,4,Free shipping + money-back,0,0.0,418,1,1,0.20000000000000007,307
813,4,Free shipping + money-back,1,0.0,419,3,0,0.10000000000000003,307
814,4,Free shipping + money-back,1,0.0,420,1,0,0.20000000000000007,307
815,4,Free shipping + money-back,0,0.0,420,0,1,0.35000000000000003,308
816,4,Free shipping + money-back,0,0.0,420,3,1,0.10000000000000003,309
817,4,Free shipping + money-back,0,0.0,420,4,0,0.0,309
818,4,Free shipping + money-back,0,0.0,420,1,1,0.20000000000000007,310
819,4,Free shipping + money-back,0,0.0,420,4,0,0.0,310
820,4,Free shipping + money-back,1,0.0,421,3,0,0.10000000000000003,310
821,4,Free shipping + money-back,1,0.0,422,1,0,0.20000000000000007,310
822,4,Free shipping + money-back,1,0.0,423,0,0,0.35000000000000003,310
823,4,Free shipping + money-back,1,0.0,424,1,0,0.20000000000000007,310
824,4,Free shipping + money-back,1,0.0,425,0,0,0.35000000000000003,310
825,4,Free shipping + money-back,1,0.0,426,2,0,0.25000000000000006,310
826,4,Free shipping + money-back,1,0.0,427,1,0,0.20000000000000007,310
827,4,Free shipping + money-back,0,0.0,427,1,0,0.20000000000000007,310
828,4,Free shipping + money-back,1,0.0,428,4,1,0.0,311
829,4,Free shipping + money-back,1,0.0,429,4,1,0.0,312
830,4,Free shipping + money-back,1,0.0,430,3,0,0.10000000000000003,312
831,3,Doctor endorsement + quote,0,0.10000000000000003,430,0,0,0.35000000000000003,312
832,4,Free shipping + money-back,0,0.0,430,4,0,0.0,312
833,3,Doctor endorsement + quote,1,0.10000000000000003,431,3,1,0.10000000000000003,313
834,4,Free shipping + money-back,1,0.0,432,0,0,0.35000000000000003,313
835,4,Free shipping + money-back,1,0.0,433,0,0,0.35000000000000003,313
836,4,Free shipping + money-back,1,0.0,434,0,0,0.35000000000000003,313
837,4,Free shipping + money-back,1,0.0,435,2,1,0.25000000000000006,314
838,4,Free shipping + money-back,1,0.0,436,0,0,0.35000000000000003,314
839,4,Free shipping + money-back,1,0.0,437,3,1,0.10000000000000003,315
840,4,Free shipping + money-back,1,0.0,438,0,0,0.35000000000000003,315
841,4,Free shipping + money-back,0,0.0,438,0,0,0.35000000000000003,315
842,4,Free shipping + money-back,0,0.0,438,3,0,0.10000000000000003,315
843,4,Free shipping + money-back,1,0.0,439,1,0,0.20000000000000007,315
844,3,Doctor endorsement + quote,0,0.10000000000000003,439,0,1,0.35000000000000003,316
845,4,Free shipping + money-back,1,0.0,440,3,0,0.10000000000000003,316
846,3,Doctor endorsement + quote,1,0.10000000000000003,441,4,1,0.0,317
847,4,Free shipping + money-back,0,0.0,441,3,1,0.10000000000000003,318
848,4,Free shipping + money-back,1,0.0,442,2,0,0.25000000000000006,318
849,4,Free shipping + money-back,0,0.0,442,4,0,0.0,318
850,4,Free shipping + money-back,1,0.0,443,1,0,0.20000000000000007,318
851,4,Free shipping + money-back,0,0.0,443,1,0,0.20000000000000007,318
852,4,Free shipping + money-back,1,0.0,444,3,0,0.10000000000000003,318
853,4,Free shipping + money-back,0,0.0,444,3,1,0.10000000000000003,319
854,4,Free shipping + money-back,1,0.0,445,0,1,0.35000000000000003,320
855,4,Free shipping + money-back,0,0.0,445,0,0,0.35000000000000003,320
856,4,Free shipping + money-back,1,0.0,446,2,0,0.25000000000000006,320
857,3,Doctor endorsement + quote,0,0.10000000000000003,446,0,0,0.35000000000000003,320
858,4,Free shipping + money-back,0,0.0,446,3,1,0.10000000000000003,321
859,4,Free shipping + money-back,0,0.0,446,3,0,0.10000000000000003,321
860,4,Free shipping + money-back,0,0.0,446,0,0,0.35000000000000003,321
861,4,Free shipping + money-back,0,0.0,446,2,1,0.25000000000000006,322
862,4,Free shipping + money-back,0,0.0,446,3,1,0.10000000000000003,323
863,4,Free shipping + money-back,1,0.0,447,2,1,0.25000000000000006,324
864,3,Doctor endorsement + quote,0,0.10000000000000003,447,3,0,0.10000000000000003,324
865,3,Doctor endorsement + quote,0,0.10000000000000003,447,2,0,0.25000000000000006,324
866,4,Free shipping + money-back,0,0.0,447,2,0,0.25000000000000006,324
867,4,Free shipping + money-back,1,0.0,448,2,0,0.25000000000000006,324
868,4,Free shipping + money-back,1,0.0,449,0,0,0.35000000000000003,324
869,4,Free shipping + money-back,0,0.0,449,1,0,0.20000000000000007,324
870,4,Free shipping + money-back,0,0.0,449,2,0,0.25000000000000006,324
871,4,Free shipping + money-back,1,0.0,450,2,1,0.25000000000000006,325
872,4,Free shipping + money-back,1,0.0,451,3,0,0.10000000000000003,325
873,4,Free shipping + money-back,1,0.0,452,1,0,0.20000000000000007,325
874,4,Free shipping + money-back,1,0.0,453,3,1,0.10000000000000003,326
875,4,Free shipping + money-back,1,0.0,454,3,0,0.10000000000000003,326
876,4,Free shipping + money-back,0,0.0,454,2,0,0.25000000000000006,326
877,4,Free shipping + money-back,0,0.0,454,4,0,0.0,326
878,4,Free shipping + money-back,0,0.0,454,1,0,0.20000000000000007,326
879,4,Free shipping + money-back,1,0.0,455,3,1,0.10000000000000003,327
880,4,Free shipping + money-back,0,0.0,455,4,0,0.0,327
881,4,Free shipping + money-back,1,0.0,456,4,1,0.0,328
882,4,Free shipping + money-back,1,0.0,457,3,1,0.10000000000000003,329
883,4,Free shipping + money-back,0,0.0,457,2,0,0.25000000000000006,329
884,4,Free shipping + money-back,1,0.0,458,0,0,0.35000000000000003,329
885,4,Free shipping + money-back,1,0.0,459,3,1,0.10000000000000003,330
886,4,Free shipping + money-back,0,0.0,459,2,1,0.25000000000000006,331
887,4,Free shipping + money-back,1,0.0,460,1,0,0.20000000000000007,331
888,4,Free shipping + money-back,0,0.0,460,2,0,0.25000000000000006,331
889,4,Free shipping + money-back,1,0.0,461,4,1,0.0,332
890,4,Free shipping + money-back,0,0.0,461,1,1,0.20000000000000007,333
891,4,Free shipping + money-back,1,0.0,462,1,0,0.20000000000000007,333
892,4,Free shipping + money-back,1,0.0,463,0,1,0.35000000000000003,334
893,4,Free shipping + money-back,0,0.0,463,0,1,0.35000000000000003,335
894,4,Free shipping + money-back,1,0.0,464,3,0,0.10000000000000003,335
895,4,Free shipping + money-back,1,0.0,465,2,0,0.25000000000000006,335
896,4,Free shipping + money-back,1,0.0,466,3,1,0.10000000000000003,336
897,4,Free shipping + money-back,1,0.0,467,0,0,0.35000000000000003,336
898,4,Free shipping + money-back,1,0.0,468,4,1,0.0,337
899,4,Free shipping + money-back,1,0.0,469,0,0,0.35000000000000003,337
900,4,Free shipping + money-back,0,0.0,469,2,0,0.25000000000000006,337
901,4,Free shipping + money-back,1,0.0,470,4,1,0.0,338
902,4,Free shipping + money-back,1,0.0,471,3,0,0.10000000000000003,338
903,4,Free shipping + money-back,1,0.0,472,3,1,0.10000000000000003,339
904,4,Free shipping + money-back,1,0.0,473,0,0,0.35000000000000003,339
905,4,Free shipping + money-back,0,0.0,473,0,0,0.35000000000000003,339
906,4,Free shipping + money-back,1,0.0,474,3,0,0.10000000000000003,339
907,4,Free shipping + money-back,0,0.0,474,3,0,0.10000000000000003,339
908,4,Free shipping + money-back,1,0.0,475,1,0,0.20000000000000007,339
909,4,Free shipping + money-back,0,0.0,475,2,0,0.25000000000000006,339
910,4,Free shipping + money-back,1,0.0,476,1,0,0.20000000000000007,339
911,4,Free shipping + money-back,0,0.0,476,1,0,0.20000000000000007,339
912,4,Free shipping + money-back,0,0.0,476,3,0,0.10000000000000003,339
913,4,Free shipping + money-back,1,0.0,477,2,1,0.25000000000000006,340
914,4,Free shipping + money-back,1,0.0,478,3,1,0.10000000000000003,341
915,4,Free shipping + money-back,1,0.0,479,1,0,0.20000000000000007,341
916,4,Free shipping + money-back,0,0.0,479,1,1,0.20000000000000007,342
917,4,Free shipping + money-back,1,0.0,480,3,1,0.10000000000000003,343
918,4,Free shipping + money-back,1,0.0,481,0,1,0.35000000000000003,344
919,4,Free shipping + money-back,0,0.0,481,0,0,0.35000000000000003,344
920,4,Free shipping + money-back,1,0.0,482,3,1,0.10000000000000003,345
921,4,Free shipping + money-back,0,0.0,482,4,0,0.0,345
922,4,Free shipping + money-back,0,0.0,482,4,0,0.0,345
923,4,Free shipping + money-back,0,0.0,482,0,1,0.35000000000000003,346
924,4,Free shipping + money-back,0,0.0,482,2,0,0.25000000000000006,346
925,4,Free shipping + money-back,1,0.0,483,1,1,0.20000000000000007,347
926,4,Free shipping + money-back,1,0.0,484,2,1,0.25000000000000006,348
927,4,Free shipping + money-back,1,0.0,485,0,0,0.35000000000000003,348
928,4,Free shipping + money-back,1,0.0,486,3,1,0.10000000000000003,349
929,4,Free shipping + money-back,0,0.0,486,4,0,0.0,349
930,4,Free shipping + money-back,0,0.0,486,0,0,0.35000000000000003,349
931,4,Free shipping + money-back,1,0.0,487,2,0,0.25000000000000006,349
932,4,Free shipping + money-back,1,0.0,488,2,0,0.25000000000000006,349
933,4,Free shipping + money-back,0,0.0,488,0,1,0.35000000000000003,350
934,4,Free shipping + money-back,1,0.0,489,1,0,0.20000000000000007,350
935,4,Free shipping + money-back,1,0.0,490,2,1,0.25000000000000006,351
936,4,Free shipping + money-back,1,0.0,491,1,1,0.20000000000000007,352
937,4,Free shipping + money-back,0,0.0,491,1,0,0.20000000000000007,352
938,4,Free shipping + money-back,0,0.0,491,3,0,0.10000000000000003,352
939,4,Free shipping + money-back,0,0.0,491,0,0,0.35000000000000003,352
940,4,Free shipping + money-back,0,0.0,491,0,0,0.35000000000000003,352
941,4,Free shipping + money-back,1,0.0,492,1,0,0.20000000000000007,352
942,4,Free shipping + money-back,1,0.0,493,3,1,0.10000000000000003,353
943,4,Free shipping + money-back,0,0.0,493,2,0,0.25000000000000006,353
944,4,Free shipping + money-back,1,0.0,494,2,1,0.25000000000000006,354
945,4,Free shipping + money-back,0,0.0,494,0,0,0.35000000000000003,354
946,4,Free shipping + money-back,0,0.0,494,1,0,0.20000000000000007,354
947,4,Free shipping + money-back,0,0.0,494,3,1,0.10000000000000003,355
948,4,Free shipping + money-back,0,0.0,494,3,1,0.10000000000000003,356
949,4,Free shipping + money-back,0,0.0,494,2,0,0.25000000000000006,356
950,4,Free shipping + money-back,0,0.0,494,2,1,0.25000000000000006,357
951,4,Free shipping + money-back,1,0.0,495,4,1,0.0,358
952,3,Doctor endorsement + quote,1,0.10000000000000003,496,4,1,0.0,359
953,4,Free shipping + money-back,1,0.0,497,1,0,0.20000000000000007,359
954,4,Free shipping + money-back,0,0.0,497,4,0,0.0,359
955,4,Free shipping + money-back,1,0.0,498,3,0,0.10000000000000003,359
956,4,Free shipping + money-back,0,0.0,498,4,0,0.0,359
957,4,Free shipping + money-back,1,0.0,499,0,0,0.35000000000000003,359
958,4,Free shipping + money-back,0,0.0,499,0,0,0.35000000000000003,359
959,4,Free shipping + money-back,1,0.0,500,2,0,0.25000000000000006,359
960,4,Free shipping + money-back,0,0.0,500,2,1,0.25000000000000006,360
961,4,Free shipping + money-back,1,0.0,501,1,0,0.20000000000000007,360
962,4,Free shipping + money-back,1,0.0,502,0,0,0.35000000000000003,360
963,4,Free shipping + money-back,1,0.0,503,1,1,0.20000000000000007,361
964,4,Free shipping + money-back,0,0.0,503,1,0,0.20000000000000007,361
965,4,Free shipping + money-back,1,0.0,504,4,1,0.0,362
966,4,Free shipping + money-back,1,0.0,505,2,1,0.25000000000000006,363
967,4,Free shipping + money-back,0,0.0,505,1,0,0.20000000000000007,363
968,4,Free shipping + money-back,0,0.0,505,1,0,0.20000000000000007,363
969,4,Free shipping + money-back,0,0.0,505,2,1,0.25000000000000006,364
970,4,Free shipping + money-back,1,0.0,506,2,0,0.25000000000000006,364
971,4,Free shipping + money-back,1,0.0,507,0,0,0.35000000000000003,364
972,4,Free shipping + money-back,0,0.0,507,2,0,0.25000000000000006,364
973,4,Free shipping + money-back,1,0.0,508,4,1,0.0,365
974,4,Free shipping + money-back,0,0.0,508,0,0,0.35000000000000003,365
975,4,Free shipping + money-back,1,0.0,509,1,0,0.20000000000000007,365
976,4,Free shipping + money-back,1,0.0,510,4,1,0.0,366
977,4,Free shipping + money-back,1,0.0,511,4,1,0.0,367
978,4,Free shipping + money-back,1,0.0,512,0,0,0.35000000000000003,367
979,4,Free shipping + money-back,1,0.0,513,1,1,0.20000000000000007,368
980,4,Free shipping + money-back,1,0.0,514,0,0,0.35000000000000003,368
981,4,Free shipping + money-back,0,0.0,514,3,1,0.10000000000000003,369
982,4,Free shipping + money-back,1,0.0,515,3,1,0.10000000000000003,370
983,4,Free shipping + money-back,0,0.0,515,0,0,0.35000000000000003,370
984,4,Free shipping + money-back,0,0.0,515,1,0,0.20000000000000007,370
985,2,"Social proof — 4,200 reviews",0,0.25000000000000006,515,1,0,0.20000000000000007,370
986,4,Free shipping + money-back,1,0.0,516,2,1,0.25000000000000006,371
987,3,Doctor endorsement + quote,0,0.10000000000000003,516,4,0,0.0,371
988,4,Free shipping + money-back,0,0.0,516,0,0,0.35000000000000003,371
989,4,Free shipping + money-back,0,0.0,516,4,0,0.0,371
990,4,Free shipping + money-back,0,0.0,516,4,0,0.0,371
991,4,Free shipping + money-back,0,0.0,516,3,0,0.10000000000000003,371
992,4,Free shipping + money-back,0,0.0,516,3,0,0.10000000000000003,371
993,4,Free shipping + money-back,1,0.0,517,0,0,0.35000000000000003,371
994,4,Free shipping + money-back,0,0.0,517,0,0,0.35000000000000003,371
995,3,Doctor endorsement + quote,0,0.10000000000000003,517,1,1,0.20000000000000007,372
996,4,Free shipping + money-back,0,0.0,517,0,0,0.35000000000000003,372
997,4,Free shipping + money-back,1,0.0,518,1,1,0.20000000000000007,373
998,4,Free shipping + money-back,1,0.0,519,1,0,0.20000000000000007,373
999,4,Free shipping + money-back,0,0.0,519,0,1,0.35000000000000003,374
1000,4,Free shipping + money-back,0,0.0,519,1,0,0.20000000000000007,374
